<?xml version="1.0" encoding="UTF-8"?>
<MF0 version="1.1" packageUris="http://schema.mathworks.com/mf0/sl_modelref_info/R2020a http://schema.mathworks.com/mf0/slexec_mm_sto/R2019b_201902271317">
  <ModelRefInfoRepo.ModelRefInfoRoot type="ModelRefInfoRepo.ModelRefInfoRoot" uuid="c73cf583-c363-4566-862c-510ec978bf91">
    <autoSolverStatusFlags>13</autoSolverStatusFlags>
    <childModelRefInfo type="ModelRefInfoRepo.ChildModelRefInfo" uuid="7badab27-019d-4c56-bdff-9a2d56ae1f1b">
      <modelName>SiEngine</modelName>
      <modelPath>SiEngine</modelPath>
    </childModelRefInfo>
    <childModelRefInfo type="ModelRefInfoRepo.ChildModelRefInfo" uuid="348eec5e-4462-42d2-b690-056b44fc60e6">
      <hasAccelReference>true</hasAccelReference>
      <modelName>SiEngineCore</modelName>
      <modelPath>SiEngine:SiEngineCore</modelPath>
    </childModelRefInfo>
    <compDerivCacheNeedsReset>false</compDerivCacheNeedsReset>
    <compZcCacheNeedsReset>true</compZcCacheNeedsReset>
    <dataTransferInfos>AAFJTQAAAAAOAAAAOAAAAAYAAAAIAAAAAgAAAAAAAAAFAAAACAAAAAAAAAABAAAAAQAAAAAAAAAFAAQAAQAAAAEAAAAAAAAA</dataTransferInfos>
    <defaultsCMapping>{&quot;Inports&quot;:&quot;{\&quot;Name\&quot;:\&quot;Default\&quot;,\&quot;Checksum\&quot;:\&quot;Default\&quot;,\&quot;PerInstancePropertiesChecksum\&quot;:\&quot;\&quot;,\&quot;MemorySectionName\&quot;:\&quot;None\&quot;,\&quot;MemorySectionChecksum\&quot;:\&quot;None\&quot;}&quot;,&quot;Outports&quot;:&quot;{\&quot;Name\&quot;:\&quot;Default\&quot;,\&quot;Checksum\&quot;:\&quot;Default\&quot;,\&quot;PerInstancePropertiesChecksum\&quot;:\&quot;\&quot;,\&quot;MemorySectionName\&quot;:\&quot;None\&quot;,\&quot;MemorySectionChecksum\&quot;:\&quot;None\&quot;}&quot;,&quot;LocalParameters&quot;:&quot;{\&quot;Name\&quot;:\&quot;Default\&quot;,\&quot;Checksum\&quot;:\&quot;Default\&quot;,\&quot;PerInstancePropertiesChecksum\&quot;:\&quot;\&quot;,\&quot;MemorySectionName\&quot;:\&quot;None\&quot;,\&quot;MemorySectionChecksum\&quot;:\&quot;None\&quot;}&quot;,&quot;ParameterArguments&quot;:&quot;{\&quot;Name\&quot;:\&quot;Default\&quot;,\&quot;Checksum\&quot;:\&quot;Default\&quot;,\&quot;PerInstancePropertiesChecksum\&quot;:\&quot;\&quot;,\&quot;MemorySectionName\&quot;:\&quot;None\&quot;,\&quot;MemorySectionChecksum\&quot;:\&quot;None\&quot;}&quot;,&quot;GlobalParameters&quot;:&quot;{\&quot;Name\&quot;:\&quot;Default\&quot;,\&quot;Checksum\&quot;:\&quot;Default\&quot;,\&quot;PerInstancePropertiesChecksum\&quot;:\&quot;\&quot;,\&quot;MemorySectionName\&quot;:\&quot;None\&quot;,\&quot;MemorySectionChecksum\&quot;:\&quot;None\&quot;}&quot;,&quot;SharedLocalDataStores&quot;:&quot;{\&quot;Name\&quot;:\&quot;Default\&quot;,\&quot;Checksum\&quot;:\&quot;Default\&quot;,\&quot;PerInstancePropertiesChecksum\&quot;:\&quot;\&quot;,\&quot;MemorySectionName\&quot;:\&quot;None\&quot;,\&quot;MemorySectionChecksum\&quot;:\&quot;None\&quot;}&quot;,&quot;GlobalDataStores&quot;:&quot;{\&quot;Name\&quot;:\&quot;Default\&quot;,\&quot;Checksum\&quot;:\&quot;Default\&quot;,\&quot;PerInstancePropertiesChecksum\&quot;:\&quot;\&quot;,\&quot;MemorySectionName\&quot;:\&quot;None\&quot;,\&quot;MemorySectionChecksum\&quot;:\&quot;None\&quot;}&quot;,&quot;InternalData&quot;:&quot;{\&quot;Name\&quot;:\&quot;Default\&quot;,\&quot;Checksum\&quot;:\&quot;Default\&quot;,\&quot;PerInstancePropertiesChecksum\&quot;:\&quot;\&quot;,\&quot;MemorySectionName\&quot;:\&quot;None\&quot;,\&quot;MemorySectionChecksum\&quot;:\&quot;None\&quot;}&quot;,&quot;Constants&quot;:&quot;{\&quot;Name\&quot;:\&quot;Default\&quot;,\&quot;Checksum\&quot;:\&quot;Default\&quot;,\&quot;PerInstancePropertiesChecksum\&quot;:\&quot;\&quot;,\&quot;MemorySectionName\&quot;:\&quot;None\&quot;,\&quot;MemorySectionChecksum\&quot;:\&quot;None\&quot;}&quot;,&quot;DataTransfers&quot;:&quot;{\&quot;Name\&quot;:\&quot;Default\&quot;,\&quot;Checksum\&quot;:\&quot;Default\&quot;,\&quot;PerInstancePropertiesChecksum\&quot;:\&quot;\&quot;,\&quot;MemorySectionName\&quot;:\&quot;None\&quot;,\&quot;MemorySectionChecksum\&quot;:\&quot;None\&quot;}&quot;,&quot;ModelData&quot;:&quot;{\&quot;Name\&quot;:\&quot;Default\&quot;,\&quot;Checksum\&quot;:\&quot;Default\&quot;,\&quot;PerInstancePropertiesChecksum\&quot;:\&quot;\&quot;,\&quot;MemorySectionName\&quot;:\&quot;None\&quot;,\&quot;MemorySectionChecksum\&quot;:\&quot;None\&quot;}&quot;,&quot;InitializeTerminate&quot;:&quot;{\&quot;Name\&quot;:\&quot;Default\&quot;,\&quot;Checksum\&quot;:\&quot;Default\&quot;,\&quot;PerInstancePropertiesChecksum\&quot;:\&quot;\&quot;,\&quot;MemorySectionName\&quot;:\&quot;None\&quot;,\&quot;MemorySectionChecksum\&quot;:\&quot;None\&quot;}&quot;,&quot;Execution&quot;:&quot;{\&quot;Name\&quot;:\&quot;Default\&quot;,\&quot;Checksum\&quot;:\&quot;Default\&quot;,\&quot;PerInstancePropertiesChecksum\&quot;:\&quot;\&quot;,\&quot;MemorySectionName\&quot;:\&quot;None\&quot;,\&quot;MemorySectionChecksum\&quot;:\&quot;None\&quot;}&quot;,&quot;SharedUtility&quot;:&quot;{\&quot;Name\&quot;:\&quot;Default\&quot;,\&quot;Checksum\&quot;:\&quot;Default\&quot;,\&quot;PerInstancePropertiesChecksum\&quot;:\&quot;\&quot;,\&quot;MemorySectionName\&quot;:\&quot;None\&quot;,\&quot;MemorySectionChecksum\&quot;:\&quot;None\&quot;}&quot;}</defaultsCMapping>
    <hasBlockUsingZOHContinuousSampleTime>true</hasBlockUsingZOHContinuousSampleTime>
    <hasBwsAccessed>true</hasBwsAccessed>
    <hasBwsAccessedByAnyModel>true</hasBwsAccessedByAnyModel>
    <hasConstantOutput>false</hasConstantOutput>
    <hasContinuousSampleTime>true</hasContinuousSampleTime>
    <hasInternalModelWideEventTs>true</hasInternalModelWideEventTs>
    <hasModelWideEventTs>true</hasModelWideEventTs>
    <hasNonVirtualParameterChangeEvents>true</hasNonVirtualParameterChangeEvents>
    <hasSavedSparseJacobian>true</hasSavedSparseJacobian>
    <hasVariantModelOrSubsystem>true</hasVariantModelOrSubsystem>
    <inports type="ModelRefInfoRepo.InportInformation" uuid="3094d29f-3333-4be9-91fc-48c7bd01538d">
      <isUsedForContZcSignal>true</isUsedForContZcSignal>
      <designMax>inf</designMax>
      <designMin>-inf</designMin>
      <indexType>2</indexType>
      <rateInfo type="ModelRefInfoRepo.RateInfo">
        <compiled>true</compiled>
        <needAbsoluteTime>true</needAbsoluteTime>
        <period>0</period>
        <priority>40</priority>
        <rateIdx>0</rateIdx>
      </rateInfo>
      <resolvedSignalObject></resolvedSignalObject>
      <sigNameToEMVCEMap type="ModelRefInfoRepo.SigNameEMVCEInfo" uuid="d7a00ccf-4108-4313-a0ed-642249443a67"/>
    </inports>
    <inports type="ModelRefInfoRepo.InportInformation" uuid="3843654b-63e1-4f84-a162-19a0649cefa1">
      <isUsedForContZcSignal>true</isUsedForContZcSignal>
      <designMax>inf</designMax>
      <designMin>-inf</designMin>
      <indexType>2</indexType>
      <originalPortNumber>1</originalPortNumber>
      <rateInfo type="ModelRefInfoRepo.RateInfo">
        <compiled>true</compiled>
        <needAbsoluteTime>true</needAbsoluteTime>
        <period>0</period>
        <priority>40</priority>
        <rateIdx>0</rateIdx>
      </rateInfo>
      <resolvedSignalObject></resolvedSignalObject>
      <sigNameToEMVCEMap type="ModelRefInfoRepo.SigNameEMVCEInfo" uuid="bfe8fa0f-e517-4cf2-a825-f535efffbb7a"/>
    </inports>
    <inports type="ModelRefInfoRepo.InportInformation" uuid="129c2062-1e68-4218-846d-c40c8bf156d4">
      <isUsedForContZcSignal>true</isUsedForContZcSignal>
      <designMax>inf</designMax>
      <designMin>-inf</designMin>
      <indexType>2</indexType>
      <originalPortNumber>2</originalPortNumber>
      <rateInfo type="ModelRefInfoRepo.RateInfo">
        <compiled>true</compiled>
        <needAbsoluteTime>true</needAbsoluteTime>
        <period>0</period>
        <priority>40</priority>
        <rateIdx>0</rateIdx>
      </rateInfo>
      <resolvedSignalObject></resolvedSignalObject>
      <sigNameToEMVCEMap type="ModelRefInfoRepo.SigNameEMVCEInfo" uuid="5e735d4d-4145-4a80-a70a-bb19160ae597"/>
    </inports>
    <inports type="ModelRefInfoRepo.InportInformation" uuid="bb2412d2-3554-4dfe-bf77-31bdcc1743ad">
      <isNotDerivPort>true</isNotDerivPort>
      <isUsedForContZcSignal>true</isUsedForContZcSignal>
      <designMax>inf</designMax>
      <designMin>-inf</designMin>
      <indexType>2</indexType>
      <originalPortNumber>3</originalPortNumber>
      <rateInfo type="ModelRefInfoRepo.RateInfo">
        <compiled>true</compiled>
        <needAbsoluteTime>true</needAbsoluteTime>
        <period>0</period>
        <priority>40</priority>
        <rateIdx>0</rateIdx>
      </rateInfo>
      <resolvedSignalObject></resolvedSignalObject>
      <sigNameToEMVCEMap type="ModelRefInfoRepo.SigNameEMVCEInfo" uuid="713de8e1-e56c-4528-b1a1-996376baed6c"/>
    </inports>
    <inports type="ModelRefInfoRepo.InportInformation" uuid="267ca656-367d-4d8a-b53e-22aeb50dac45">
      <isUsedForContZcSignal>true</isUsedForContZcSignal>
      <designMax>inf</designMax>
      <designMin>-inf</designMin>
      <indexType>2</indexType>
      <originalPortNumber>4</originalPortNumber>
      <rateInfo type="ModelRefInfoRepo.RateInfo">
        <compiled>true</compiled>
        <needAbsoluteTime>true</needAbsoluteTime>
        <period>0</period>
        <priority>40</priority>
        <rateIdx>0</rateIdx>
      </rateInfo>
      <resolvedSignalObject></resolvedSignalObject>
      <sigNameToEMVCEMap type="ModelRefInfoRepo.SigNameEMVCEInfo" uuid="c3219f54-1aa4-4107-a16c-d32e4f78c4fd"/>
    </inports>
    <inports type="ModelRefInfoRepo.InportInformation" uuid="faab4f9c-2aa3-4f3b-887d-63408a8a26c9">
      <isUsedForContZcSignal>true</isUsedForContZcSignal>
      <designMax>inf</designMax>
      <designMin>-inf</designMin>
      <indexType>2</indexType>
      <originalPortNumber>5</originalPortNumber>
      <rateInfo type="ModelRefInfoRepo.RateInfo">
        <compiled>true</compiled>
        <needAbsoluteTime>true</needAbsoluteTime>
        <period>0</period>
        <priority>40</priority>
        <rateIdx>0</rateIdx>
      </rateInfo>
      <resolvedSignalObject></resolvedSignalObject>
      <sigNameToEMVCEMap type="ModelRefInfoRepo.SigNameEMVCEInfo" uuid="4a7d1379-4fd8-4fbe-99a5-bc64c64c89c3"/>
    </inports>
    <inports type="ModelRefInfoRepo.InportInformation" uuid="cc1036cf-bcfe-4014-acf9-1ae655c4bf20">
      <isUsedForContZcSignal>true</isUsedForContZcSignal>
      <designMax>inf</designMax>
      <designMin>-inf</designMin>
      <indexType>2</indexType>
      <originalPortNumber>6</originalPortNumber>
      <rateInfo type="ModelRefInfoRepo.RateInfo">
        <compiled>true</compiled>
        <needAbsoluteTime>true</needAbsoluteTime>
        <period>0</period>
        <priority>40</priority>
        <rateIdx>0</rateIdx>
      </rateInfo>
      <resolvedSignalObject></resolvedSignalObject>
      <sigNameToEMVCEMap type="ModelRefInfoRepo.SigNameEMVCEInfo" uuid="4481120c-359e-4ad8-99f5-670d1a2fc413"/>
    </inports>
    <inports type="ModelRefInfoRepo.InportInformation" uuid="8299f7f2-d3f3-49b5-84e8-b1920ce254a3">
      <isUsedForContZcSignal>true</isUsedForContZcSignal>
      <designMax>inf</designMax>
      <designMin>-inf</designMin>
      <indexType>2</indexType>
      <originalPortNumber>7</originalPortNumber>
      <rateInfo type="ModelRefInfoRepo.RateInfo">
        <compiled>true</compiled>
        <needAbsoluteTime>true</needAbsoluteTime>
        <period>0</period>
        <priority>40</priority>
        <rateIdx>0</rateIdx>
      </rateInfo>
      <resolvedSignalObject></resolvedSignalObject>
      <sigNameToEMVCEMap type="ModelRefInfoRepo.SigNameEMVCEInfo" uuid="f5f00f5c-3efa-4c8d-a14d-c18c880ef2cd"/>
    </inports>
    <inports type="ModelRefInfoRepo.InportInformation" uuid="df070d85-0df9-4cac-83c2-6b03adde0071">
      <isUsedForContZcSignal>true</isUsedForContZcSignal>
      <designMax>inf</designMax>
      <designMin>-inf</designMin>
      <indexType>2</indexType>
      <originalPortNumber>8</originalPortNumber>
      <rateInfo type="ModelRefInfoRepo.RateInfo">
        <compiled>true</compiled>
        <needAbsoluteTime>true</needAbsoluteTime>
        <period>0</period>
        <priority>40</priority>
        <rateIdx>0</rateIdx>
      </rateInfo>
      <resolvedSignalObject></resolvedSignalObject>
      <sigNameToEMVCEMap type="ModelRefInfoRepo.SigNameEMVCEInfo" uuid="cc29daf0-beab-4b77-922d-a7ec17b4ada8"/>
    </inports>
    <inports type="ModelRefInfoRepo.InportInformation" uuid="e967aad3-d556-4cae-979d-6fc96d7f6643">
      <isUsedForContZcSignal>true</isUsedForContZcSignal>
      <designMax>inf</designMax>
      <designMin>-inf</designMin>
      <indexType>2</indexType>
      <originalPortNumber>9</originalPortNumber>
      <rateInfo type="ModelRefInfoRepo.RateInfo">
        <compiled>true</compiled>
        <needAbsoluteTime>true</needAbsoluteTime>
        <period>0</period>
        <priority>40</priority>
        <rateIdx>0</rateIdx>
      </rateInfo>
      <resolvedSignalObject></resolvedSignalObject>
      <sigNameToEMVCEMap type="ModelRefInfoRepo.SigNameEMVCEInfo" uuid="e377958d-baa6-4c12-9824-a6833b93b00a"/>
    </inports>
    <inports type="ModelRefInfoRepo.InportInformation" uuid="44a4de0b-2a0a-4d65-9cdc-cb9bfec7d69a">
      <isUsedForContZcSignal>true</isUsedForContZcSignal>
      <designMax>inf</designMax>
      <designMin>-inf</designMin>
      <indexType>2</indexType>
      <originalPortNumber>10</originalPortNumber>
      <rateInfo type="ModelRefInfoRepo.RateInfo">
        <compiled>true</compiled>
        <needAbsoluteTime>true</needAbsoluteTime>
        <period>0</period>
        <priority>40</priority>
        <rateIdx>0</rateIdx>
      </rateInfo>
      <resolvedSignalObject></resolvedSignalObject>
      <sigNameToEMVCEMap type="ModelRefInfoRepo.SigNameEMVCEInfo" uuid="80a171c2-5c4f-4521-8d31-3d8489a27845"/>
    </inports>
    <inports type="ModelRefInfoRepo.InportInformation" uuid="169ba957-9e61-4648-a4d9-22d4565da57e">
      <isUsedForContZcSignal>true</isUsedForContZcSignal>
      <designMax>inf</designMax>
      <designMin>-inf</designMin>
      <indexType>2</indexType>
      <originalPortNumber>11</originalPortNumber>
      <rateInfo type="ModelRefInfoRepo.RateInfo">
        <compiled>true</compiled>
        <needAbsoluteTime>true</needAbsoluteTime>
        <period>0</period>
        <priority>40</priority>
        <rateIdx>0</rateIdx>
      </rateInfo>
      <resolvedSignalObject></resolvedSignalObject>
      <sigNameToEMVCEMap type="ModelRefInfoRepo.SigNameEMVCEInfo" uuid="ec67b40e-03c5-426b-9867-57d334990546"/>
    </inports>
    <inports type="ModelRefInfoRepo.InportInformation" uuid="478eaa01-3cf1-4d1c-b27e-a4227ed5dcc8">
      <isNotDerivPort>true</isNotDerivPort>
      <isUsedForContZcSignal>true</isUsedForContZcSignal>
      <designMax>inf</designMax>
      <designMin>-inf</designMin>
      <indexType>2</indexType>
      <originalPortNumber>12</originalPortNumber>
      <rateInfo type="ModelRefInfoRepo.RateInfo">
        <compiled>true</compiled>
        <needAbsoluteTime>true</needAbsoluteTime>
        <period>0</period>
        <priority>40</priority>
        <rateIdx>0</rateIdx>
      </rateInfo>
      <resolvedSignalObject></resolvedSignalObject>
      <sigNameToEMVCEMap type="ModelRefInfoRepo.SigNameEMVCEInfo" uuid="59160e0a-9751-4061-8228-fcde1ad2f9a1"/>
    </inports>
    <inports type="ModelRefInfoRepo.InportInformation" uuid="333828a6-df01-43fa-a40c-0bfbf0655b65">
      <isUsedForContZcSignal>true</isUsedForContZcSignal>
      <designMax>inf</designMax>
      <designMin>-inf</designMin>
      <indexType>2</indexType>
      <originalPortNumber>13</originalPortNumber>
      <rateInfo type="ModelRefInfoRepo.RateInfo">
        <compiled>true</compiled>
        <needAbsoluteTime>true</needAbsoluteTime>
        <period>0</period>
        <priority>40</priority>
        <rateIdx>0</rateIdx>
      </rateInfo>
      <resolvedSignalObject></resolvedSignalObject>
      <sigNameToEMVCEMap type="ModelRefInfoRepo.SigNameEMVCEInfo" uuid="265727f9-b3c4-4f1f-a235-7a9d15f0ee59"/>
    </inports>
    <inports type="ModelRefInfoRepo.InportInformation" uuid="cc5131d8-a6b8-4964-a023-29c9b954ef91">
      <isNotDerivPort>true</isNotDerivPort>
      <isUsedForContZcSignal>true</isUsedForContZcSignal>
      <designMax>inf</designMax>
      <designMin>-inf</designMin>
      <indexType>2</indexType>
      <originalPortNumber>14</originalPortNumber>
      <rateInfo type="ModelRefInfoRepo.RateInfo">
        <compiled>true</compiled>
        <needAbsoluteTime>true</needAbsoluteTime>
        <period>0</period>
        <priority>40</priority>
        <rateIdx>0</rateIdx>
      </rateInfo>
      <resolvedSignalObject></resolvedSignalObject>
      <sigNameToEMVCEMap type="ModelRefInfoRepo.SigNameEMVCEInfo" uuid="efd7e823-66c6-476c-85b9-a5a8981680ad"/>
    </inports>
    <inports type="ModelRefInfoRepo.InportInformation" uuid="1386e9bc-016f-4b8f-bbcf-3680451fcc98">
      <isUsedForContZcSignal>true</isUsedForContZcSignal>
      <designMax>inf</designMax>
      <designMin>-inf</designMin>
      <indexType>2</indexType>
      <originalPortNumber>15</originalPortNumber>
      <rateInfo type="ModelRefInfoRepo.RateInfo">
        <compiled>true</compiled>
        <needAbsoluteTime>true</needAbsoluteTime>
        <period>0</period>
        <priority>40</priority>
        <rateIdx>0</rateIdx>
      </rateInfo>
      <resolvedSignalObject></resolvedSignalObject>
      <sigNameToEMVCEMap type="ModelRefInfoRepo.SigNameEMVCEInfo" uuid="b59bc864-bcb2-41c7-a0f9-d9fb528a0542"/>
    </inports>
    <inports type="ModelRefInfoRepo.InportInformation" uuid="9e2da0c0-c0fc-4e1f-bf5d-7c3d962a960a">
      <isUsedForContZcSignal>true</isUsedForContZcSignal>
      <designMax>inf</designMax>
      <designMin>-inf</designMin>
      <indexType>2</indexType>
      <originalPortNumber>16</originalPortNumber>
      <rateInfo type="ModelRefInfoRepo.RateInfo">
        <compiled>true</compiled>
        <needAbsoluteTime>true</needAbsoluteTime>
        <period>0</period>
        <priority>40</priority>
        <rateIdx>0</rateIdx>
      </rateInfo>
      <resolvedSignalObject></resolvedSignalObject>
      <sigNameToEMVCEMap type="ModelRefInfoRepo.SigNameEMVCEInfo" uuid="dc321255-36e9-44ee-a74c-9fc793657d0a"/>
    </inports>
    <inports type="ModelRefInfoRepo.InportInformation" uuid="2e9dfac3-904f-45eb-8c8c-2d5258bd55b3">
      <isUsedForContZcSignal>true</isUsedForContZcSignal>
      <designMax>inf</designMax>
      <designMin>-inf</designMin>
      <indexType>2</indexType>
      <originalPortNumber>17</originalPortNumber>
      <rateInfo type="ModelRefInfoRepo.RateInfo">
        <compiled>true</compiled>
        <needAbsoluteTime>true</needAbsoluteTime>
        <period>0</period>
        <priority>40</priority>
        <rateIdx>0</rateIdx>
      </rateInfo>
      <resolvedSignalObject></resolvedSignalObject>
      <sigNameToEMVCEMap type="ModelRefInfoRepo.SigNameEMVCEInfo" uuid="b254ff7c-bd27-4cb5-a7da-a7cf1841d04c"/>
    </inports>
    <inports type="ModelRefInfoRepo.InportInformation" uuid="4bbc7c0b-49e9-40c2-881b-1cd5944d98fd">
      <isUsedForContZcSignal>true</isUsedForContZcSignal>
      <designMax>inf</designMax>
      <designMin>-inf</designMin>
      <indexType>2</indexType>
      <originalPortNumber>18</originalPortNumber>
      <rateInfo type="ModelRefInfoRepo.RateInfo">
        <compiled>true</compiled>
        <needAbsoluteTime>true</needAbsoluteTime>
        <period>0</period>
        <priority>40</priority>
        <rateIdx>0</rateIdx>
      </rateInfo>
      <resolvedSignalObject></resolvedSignalObject>
      <sigNameToEMVCEMap type="ModelRefInfoRepo.SigNameEMVCEInfo" uuid="79876e48-9bb2-46f6-beae-9d31b8097603"/>
    </inports>
    <isAperiodicRootFcnCallSystem>false</isAperiodicRootFcnCallSystem>
    <isOrigInportVirtualBus>false</isOrigInportVirtualBus>
    <isOrigInportVirtualBus>false</isOrigInportVirtualBus>
    <isOrigInportVirtualBus>false</isOrigInportVirtualBus>
    <isOrigInportVirtualBus>false</isOrigInportVirtualBus>
    <isOrigInportVirtualBus>false</isOrigInportVirtualBus>
    <isOrigInportVirtualBus>false</isOrigInportVirtualBus>
    <isOrigInportVirtualBus>false</isOrigInportVirtualBus>
    <isOrigInportVirtualBus>false</isOrigInportVirtualBus>
    <isOrigInportVirtualBus>false</isOrigInportVirtualBus>
    <isOrigInportVirtualBus>false</isOrigInportVirtualBus>
    <isOrigInportVirtualBus>false</isOrigInportVirtualBus>
    <isOrigInportVirtualBus>false</isOrigInportVirtualBus>
    <isOrigInportVirtualBus>false</isOrigInportVirtualBus>
    <isOrigInportVirtualBus>false</isOrigInportVirtualBus>
    <isOrigInportVirtualBus>false</isOrigInportVirtualBus>
    <isOrigInportVirtualBus>false</isOrigInportVirtualBus>
    <isOrigInportVirtualBus>false</isOrigInportVirtualBus>
    <isOrigInportVirtualBus>false</isOrigInportVirtualBus>
    <isOrigInportVirtualBus>false</isOrigInportVirtualBus>
    <isOrigOutportVirtualBus>false</isOrigOutportVirtualBus>
    <isOrigOutportVirtualBus>false</isOrigOutportVirtualBus>
    <isOrigOutportVirtualBus>false</isOrigOutportVirtualBus>
    <isOrigOutportVirtualBus>false</isOrigOutportVirtualBus>
    <isOrigOutportVirtualBus>false</isOrigOutportVirtualBus>
    <isOrigOutportVirtualBus>false</isOrigOutportVirtualBus>
    <isOrigOutportVirtualBus>false</isOrigOutportVirtualBus>
    <isOrigOutportVirtualBus>false</isOrigOutportVirtualBus>
    <isOrigOutportVirtualBus>false</isOrigOutportVirtualBus>
    <isOrigOutportVirtualBus>false</isOrigOutportVirtualBus>
    <isOrigOutportVirtualBus>false</isOrigOutportVirtualBus>
    <isOrigOutportVirtualBus>false</isOrigOutportVirtualBus>
    <isOrigOutportVirtualBus>false</isOrigOutportVirtualBus>
    <isOrigOutportVirtualBus>false</isOrigOutportVirtualBus>
    <isOrigOutportVirtualBus>false</isOrigOutportVirtualBus>
    <isOrigOutportVirtualBus>false</isOrigOutportVirtualBus>
    <isOrigOutportVirtualBus>false</isOrigOutportVirtualBus>
    <isOrigOutportVirtualBus>false</isOrigOutportVirtualBus>
    <isOrigOutportVirtualBus>false</isOrigOutportVirtualBus>
    <isOrigOutportVirtualBus>false</isOrigOutportVirtualBus>
    <isOrigOutportVirtualBus>false</isOrigOutportVirtualBus>
    <isOrigOutportVirtualBus>false</isOrigOutportVirtualBus>
    <isOrigOutportVirtualBus>false</isOrigOutportVirtualBus>
    <isOrigOutportVirtualBus>false</isOrigOutportVirtualBus>
    <isOrigOutportVirtualBus>false</isOrigOutportVirtualBus>
    <isOrigOutportVirtualBus>false</isOrigOutportVirtualBus>
    <isOrigOutportVirtualBus>false</isOrigOutportVirtualBus>
    <isOrigOutportVirtualBus>false</isOrigOutportVirtualBus>
    <isOrigOutportVirtualBus>false</isOrigOutportVirtualBus>
    <isOrigOutportVirtualBus>false</isOrigOutportVirtualBus>
    <isOrigOutportVirtualBus>false</isOrigOutportVirtualBus>
    <isOrigOutportVirtualBus>false</isOrigOutportVirtualBus>
    <isOrigOutportVirtualBus>false</isOrigOutportVirtualBus>
    <isOrigOutportVirtualBus>false</isOrigOutportVirtualBus>
    <isOrigOutportVirtualBus>false</isOrigOutportVirtualBus>
    <isOrigOutportVirtualBus>false</isOrigOutportVirtualBus>
    <isOrigOutportVirtualBus>false</isOrigOutportVirtualBus>
    <isOrigOutportVirtualBus>false</isOrigOutportVirtualBus>
    <isPreCompSingleRate>false</isPreCompSingleRate>
    <isRefModelConstant>false</isRefModelConstant>
    <isRootFcnCallPortGroupsEmpty>true</isRootFcnCallPortGroupsEmpty>
    <loggingSaveFormat>2</loggingSaveFormat>
    <massMatrixNzMax>56</massMatrixNzMax>
    <maxFreqHz>-1</maxFreqHz>
    <multiThreadingBlockers>Continuous sample time</multiThreadingBlockers>
    <multiThreadingBlockers>Direct feedthrough</multiThreadingBlockers>
    <multiThreadingBlockers>Model block is not in accelerated simulation mode</multiThreadingBlockers>
    <multiThreadingBlockers>Model block is not runtime thread safety compliant</multiThreadingBlockers>
    <multiThreadingBlockers>Multirate</multiThreadingBlockers>
    <multiThreadingBlockers>RUNTIME_THREAD_SAFETY_COMPLIANCE_TRUE not declared</multiThreadingBlockers>
    <numCStateRecs>31</numCStateRecs>
    <numContinuousStates>56</numContinuousStates>
    <numLoggableCStateRecs>31</numLoggableCStateRecs>
    <numModelWideEventTs>1</numModelWideEventTs>
    <numPortlessSimulinkFunctionPortGroups>0</numPortlessSimulinkFunctionPortGroups>
    <numRuntimeExportedRates>2</numRuntimeExportedRates>
    <numTs>3</numTs>
    <origInportBusType></origInportBusType>
    <origInportBusType></origInportBusType>
    <origInportBusType></origInportBusType>
    <origInportBusType></origInportBusType>
    <origInportBusType></origInportBusType>
    <origInportBusType></origInportBusType>
    <origInportBusType></origInportBusType>
    <origInportBusType></origInportBusType>
    <origInportBusType></origInportBusType>
    <origInportBusType></origInportBusType>
    <origInportBusType></origInportBusType>
    <origInportBusType></origInportBusType>
    <origInportBusType></origInportBusType>
    <origInportBusType></origInportBusType>
    <origInportBusType></origInportBusType>
    <origInportBusType></origInportBusType>
    <origInportBusType></origInportBusType>
    <origInportBusType></origInportBusType>
    <origInportBusType></origInportBusType>
    <origOutportBusOutputAsStruct>false</origOutportBusOutputAsStruct>
    <origOutportBusOutputAsStruct>false</origOutportBusOutputAsStruct>
    <origOutportBusOutputAsStruct>false</origOutportBusOutputAsStruct>
    <origOutportBusOutputAsStruct>false</origOutportBusOutputAsStruct>
    <origOutportBusOutputAsStruct>false</origOutportBusOutputAsStruct>
    <origOutportBusOutputAsStruct>false</origOutportBusOutputAsStruct>
    <origOutportBusOutputAsStruct>false</origOutportBusOutputAsStruct>
    <origOutportBusOutputAsStruct>false</origOutportBusOutputAsStruct>
    <origOutportBusOutputAsStruct>false</origOutportBusOutputAsStruct>
    <origOutportBusOutputAsStruct>false</origOutportBusOutputAsStruct>
    <origOutportBusOutputAsStruct>false</origOutportBusOutputAsStruct>
    <origOutportBusOutputAsStruct>false</origOutportBusOutputAsStruct>
    <origOutportBusOutputAsStruct>false</origOutportBusOutputAsStruct>
    <origOutportBusOutputAsStruct>false</origOutportBusOutputAsStruct>
    <origOutportBusOutputAsStruct>false</origOutportBusOutputAsStruct>
    <origOutportBusOutputAsStruct>false</origOutportBusOutputAsStruct>
    <origOutportBusOutputAsStruct>false</origOutportBusOutputAsStruct>
    <origOutportBusOutputAsStruct>false</origOutportBusOutputAsStruct>
    <origOutportBusOutputAsStruct>false</origOutportBusOutputAsStruct>
    <origOutportBusOutputAsStruct>false</origOutportBusOutputAsStruct>
    <origOutportBusOutputAsStruct>false</origOutportBusOutputAsStruct>
    <origOutportBusOutputAsStruct>false</origOutportBusOutputAsStruct>
    <origOutportBusOutputAsStruct>false</origOutportBusOutputAsStruct>
    <origOutportBusOutputAsStruct>false</origOutportBusOutputAsStruct>
    <origOutportBusOutputAsStruct>false</origOutportBusOutputAsStruct>
    <origOutportBusOutputAsStruct>false</origOutportBusOutputAsStruct>
    <origOutportBusOutputAsStruct>false</origOutportBusOutputAsStruct>
    <origOutportBusOutputAsStruct>false</origOutportBusOutputAsStruct>
    <origOutportBusOutputAsStruct>false</origOutportBusOutputAsStruct>
    <origOutportBusOutputAsStruct>false</origOutportBusOutputAsStruct>
    <origOutportBusOutputAsStruct>false</origOutportBusOutputAsStruct>
    <origOutportBusOutputAsStruct>false</origOutportBusOutputAsStruct>
    <origOutportBusOutputAsStruct>false</origOutportBusOutputAsStruct>
    <origOutportBusOutputAsStruct>false</origOutportBusOutputAsStruct>
    <origOutportBusOutputAsStruct>false</origOutportBusOutputAsStruct>
    <origOutportBusOutputAsStruct>false</origOutportBusOutputAsStruct>
    <origOutportBusOutputAsStruct>false</origOutportBusOutputAsStruct>
    <origOutportBusOutputAsStruct>false</origOutportBusOutputAsStruct>
    <origOutportBusType></origOutportBusType>
    <origOutportBusType></origOutportBusType>
    <origOutportBusType></origOutportBusType>
    <origOutportBusType></origOutportBusType>
    <origOutportBusType></origOutportBusType>
    <origOutportBusType></origOutportBusType>
    <origOutportBusType></origOutportBusType>
    <origOutportBusType></origOutportBusType>
    <origOutportBusType></origOutportBusType>
    <origOutportBusType></origOutportBusType>
    <origOutportBusType></origOutportBusType>
    <origOutportBusType></origOutportBusType>
    <origOutportBusType></origOutportBusType>
    <origOutportBusType></origOutportBusType>
    <origOutportBusType></origOutportBusType>
    <origOutportBusType></origOutportBusType>
    <origOutportBusType></origOutportBusType>
    <origOutportBusType></origOutportBusType>
    <origOutportBusType></origOutportBusType>
    <origOutportBusType></origOutportBusType>
    <origOutportBusType></origOutportBusType>
    <origOutportBusType></origOutportBusType>
    <origOutportBusType></origOutportBusType>
    <origOutportBusType></origOutportBusType>
    <origOutportBusType></origOutportBusType>
    <origOutportBusType></origOutportBusType>
    <origOutportBusType></origOutportBusType>
    <origOutportBusType></origOutportBusType>
    <origOutportBusType></origOutportBusType>
    <origOutportBusType></origOutportBusType>
    <origOutportBusType></origOutportBusType>
    <origOutportBusType></origOutportBusType>
    <origOutportBusType></origOutportBusType>
    <origOutportBusType></origOutportBusType>
    <origOutportBusType></origOutportBusType>
    <origOutportBusType></origOutportBusType>
    <origOutportBusType></origOutportBusType>
    <origOutportBusType></origOutportBusType>
    <outports type="ModelRefInfoRepo.OutportInformation" uuid="37b44de0-0a46-4140-8d0e-1b72cd017cf4">
      <designMax>inf</designMax>
      <designMin>-inf</designMin>
      <indexType>2</indexType>
      <rateInfo type="ModelRefInfoRepo.RateInfo">
        <compiled>true</compiled>
        <needAbsoluteTime>true</needAbsoluteTime>
        <period>0</period>
        <priority>40</priority>
        <rateIdx>0</rateIdx>
      </rateInfo>
      <resolvedSignalObject></resolvedSignalObject>
      <sigNameToEMVCEMap type="ModelRefInfoRepo.SigNameEMVCEInfo" uuid="adc165ce-f28f-4398-96ee-a5b9f723dbab"/>
    </outports>
    <outports type="ModelRefInfoRepo.OutportInformation" uuid="051f6ef4-d667-4c3d-816a-faa3e8ced5e0">
      <designMax>inf</designMax>
      <designMin>-inf</designMin>
      <indexType>2</indexType>
      <originalPortNumber>1</originalPortNumber>
      <rateInfo type="ModelRefInfoRepo.RateInfo">
        <compiled>true</compiled>
        <needAbsoluteTime>true</needAbsoluteTime>
        <period>0</period>
        <priority>40</priority>
        <rateIdx>0</rateIdx>
      </rateInfo>
      <resolvedSignalObject></resolvedSignalObject>
      <sigNameToEMVCEMap type="ModelRefInfoRepo.SigNameEMVCEInfo" uuid="dfbf3ce3-2f7c-4a4f-8851-c57788033498"/>
    </outports>
    <outports type="ModelRefInfoRepo.OutportInformation" uuid="47a0613c-2510-4e0b-aa4a-25db62611dc5">
      <RTWSignalIdentifier>Prs</RTWSignalIdentifier>
      <designMax>inf</designMax>
      <designMin>-inf</designMin>
      <indexType>2</indexType>
      <originalPortNumber>2</originalPortNumber>
      <rateInfo type="ModelRefInfoRepo.RateInfo">
        <compiled>true</compiled>
        <needAbsoluteTime>true</needAbsoluteTime>
        <period>0</period>
        <priority>40</priority>
        <rateIdx>0</rateIdx>
      </rateInfo>
      <resolvedSignalObject></resolvedSignalObject>
      <sigNameToEMVCEMap type="ModelRefInfoRepo.SigNameEMVCEInfo" uuid="e957f8bc-7971-4523-ada6-27ad6eb3e4c2"/>
    </outports>
    <outports type="ModelRefInfoRepo.OutportInformation" uuid="380bf0ac-f47a-47b2-9026-efeb6f951de5">
      <RTWSignalIdentifier>Temp</RTWSignalIdentifier>
      <designMax>inf</designMax>
      <designMin>-inf</designMin>
      <indexType>2</indexType>
      <originalPortNumber>3</originalPortNumber>
      <rateInfo type="ModelRefInfoRepo.RateInfo">
        <compiled>true</compiled>
        <needAbsoluteTime>true</needAbsoluteTime>
        <period>0</period>
        <priority>40</priority>
        <rateIdx>0</rateIdx>
      </rateInfo>
      <resolvedSignalObject></resolvedSignalObject>
      <sigNameToEMVCEMap type="ModelRefInfoRepo.SigNameEMVCEInfo" uuid="3b6ad3b3-cace-42bf-851c-7b724097477a"/>
    </outports>
    <outports type="ModelRefInfoRepo.OutportInformation" uuid="06742811-4fd0-4871-a30a-1ce4ee408905">
      <designMax>inf</designMax>
      <designMin>-inf</designMin>
      <indexType>2</indexType>
      <originalPortNumber>4</originalPortNumber>
      <rateInfo type="ModelRefInfoRepo.RateInfo">
        <compiled>true</compiled>
        <needAbsoluteTime>true</needAbsoluteTime>
        <period>0</period>
        <priority>40</priority>
        <rateIdx>0</rateIdx>
      </rateInfo>
      <resolvedSignalObject></resolvedSignalObject>
      <sigNameToEMVCEMap type="ModelRefInfoRepo.SigNameEMVCEInfo" uuid="bd60d10b-9e4d-4436-a3eb-f8b88406f111"/>
    </outports>
    <outports type="ModelRefInfoRepo.OutportInformation" uuid="d186786d-cef7-49b9-8a76-3b2a37fdcdd7">
      <designMax>inf</designMax>
      <designMin>-inf</designMin>
      <indexType>2</indexType>
      <originalPortNumber>5</originalPortNumber>
      <rateInfo type="ModelRefInfoRepo.RateInfo">
        <compiled>true</compiled>
        <needAbsoluteTime>true</needAbsoluteTime>
        <period>0</period>
        <priority>40</priority>
        <rateIdx>0</rateIdx>
      </rateInfo>
      <resolvedSignalObject></resolvedSignalObject>
      <sigNameToEMVCEMap type="ModelRefInfoRepo.SigNameEMVCEInfo" uuid="6567d0b4-f8c3-4b8a-9d9e-d1b790f1ecb1"/>
    </outports>
    <outports type="ModelRefInfoRepo.OutportInformation" uuid="0ed9f0b4-765a-423e-a2a2-a215ea54d302">
      <designMax>inf</designMax>
      <designMin>-inf</designMin>
      <indexType>2</indexType>
      <originalPortNumber>6</originalPortNumber>
      <rateInfo type="ModelRefInfoRepo.RateInfo">
        <compiled>true</compiled>
        <needAbsoluteTime>true</needAbsoluteTime>
        <period>0</period>
        <priority>40</priority>
        <rateIdx>0</rateIdx>
      </rateInfo>
      <resolvedSignalObject></resolvedSignalObject>
      <sigNameToEMVCEMap type="ModelRefInfoRepo.SigNameEMVCEInfo" uuid="2ebb11ad-0a36-477f-97c8-e27938db9e26"/>
    </outports>
    <outports type="ModelRefInfoRepo.OutportInformation" uuid="3d678e04-a2fd-4fc1-a1b6-d62c94d139a9">
      <designMax>inf</designMax>
      <designMin>-inf</designMin>
      <indexType>2</indexType>
      <originalPortNumber>7</originalPortNumber>
      <rateInfo type="ModelRefInfoRepo.RateInfo">
        <compiled>true</compiled>
        <needAbsoluteTime>true</needAbsoluteTime>
        <period>0</period>
        <priority>40</priority>
        <rateIdx>0</rateIdx>
      </rateInfo>
      <resolvedSignalObject></resolvedSignalObject>
      <sigNameToEMVCEMap type="ModelRefInfoRepo.SigNameEMVCEInfo" uuid="ac5b9fcf-4b5e-446d-8a10-07c29d9c4aa8"/>
    </outports>
    <outports type="ModelRefInfoRepo.OutportInformation" uuid="5996f358-4237-497e-a689-4ab73d1f5b77">
      <designMax>inf</designMax>
      <designMin>-inf</designMin>
      <indexType>2</indexType>
      <originalPortNumber>8</originalPortNumber>
      <rateInfo type="ModelRefInfoRepo.RateInfo">
        <compiled>true</compiled>
        <needAbsoluteTime>true</needAbsoluteTime>
        <period>0</period>
        <priority>40</priority>
        <rateIdx>0</rateIdx>
      </rateInfo>
      <resolvedSignalObject></resolvedSignalObject>
      <sigNameToEMVCEMap type="ModelRefInfoRepo.SigNameEMVCEInfo" uuid="7acb0015-bbe0-45d7-a7c3-fe5f695382b0"/>
    </outports>
    <outports type="ModelRefInfoRepo.OutportInformation" uuid="4d107b3d-4edb-4058-895e-052d1f136bd9">
      <designMax>inf</designMax>
      <designMin>-inf</designMin>
      <indexType>2</indexType>
      <originalPortNumber>9</originalPortNumber>
      <rateInfo type="ModelRefInfoRepo.RateInfo">
        <compiled>true</compiled>
        <needAbsoluteTime>true</needAbsoluteTime>
        <period>0</period>
        <priority>40</priority>
        <rateIdx>0</rateIdx>
      </rateInfo>
      <resolvedSignalObject></resolvedSignalObject>
      <sigNameToEMVCEMap type="ModelRefInfoRepo.SigNameEMVCEInfo" uuid="b41c9439-2fcb-4bf1-89b2-b1bb1184c441"/>
    </outports>
    <outports type="ModelRefInfoRepo.OutportInformation" uuid="ca6480c4-950f-46de-b126-80ee95eb94ce">
      <designMax>inf</designMax>
      <designMin>-inf</designMin>
      <indexType>2</indexType>
      <originalPortNumber>10</originalPortNumber>
      <rateInfo type="ModelRefInfoRepo.RateInfo">
        <compiled>true</compiled>
        <needAbsoluteTime>true</needAbsoluteTime>
        <period>0</period>
        <priority>40</priority>
        <rateIdx>0</rateIdx>
      </rateInfo>
      <resolvedSignalObject></resolvedSignalObject>
      <sigNameToEMVCEMap type="ModelRefInfoRepo.SigNameEMVCEInfo" uuid="1834a71c-dba4-402a-a139-7637d8f78ea1"/>
    </outports>
    <outports type="ModelRefInfoRepo.OutportInformation" uuid="6b8de159-59e3-4c19-98dd-21d22bc77cc4">
      <designMax>inf</designMax>
      <designMin>-inf</designMin>
      <indexType>2</indexType>
      <originalPortNumber>11</originalPortNumber>
      <rateInfo type="ModelRefInfoRepo.RateInfo">
        <compiled>true</compiled>
        <needAbsoluteTime>true</needAbsoluteTime>
        <period>0</period>
        <priority>40</priority>
        <rateIdx>0</rateIdx>
      </rateInfo>
      <resolvedSignalObject></resolvedSignalObject>
      <sigNameToEMVCEMap type="ModelRefInfoRepo.SigNameEMVCEInfo" uuid="f730995c-af73-4c5f-8e5c-3d1c11c564d8"/>
    </outports>
    <outports type="ModelRefInfoRepo.OutportInformation" uuid="71c31854-ed4c-43be-a9ad-e12c4303cad0">
      <designMax>inf</designMax>
      <designMin>-inf</designMin>
      <indexType>2</indexType>
      <originalPortNumber>12</originalPortNumber>
      <rateInfo type="ModelRefInfoRepo.RateInfo">
        <compiled>true</compiled>
        <needAbsoluteTime>true</needAbsoluteTime>
        <period>0</period>
        <priority>40</priority>
        <rateIdx>0</rateIdx>
      </rateInfo>
      <resolvedSignalObject></resolvedSignalObject>
      <sigNameToEMVCEMap type="ModelRefInfoRepo.SigNameEMVCEInfo" uuid="17415b24-0ea6-4aa5-ba5f-4825da7edf8f"/>
    </outports>
    <outports type="ModelRefInfoRepo.OutportInformation" uuid="a3d2ce8e-6a91-4559-b23b-e21bef5df415">
      <designMax>inf</designMax>
      <designMin>-inf</designMin>
      <indexType>2</indexType>
      <originalPortNumber>13</originalPortNumber>
      <rateInfo type="ModelRefInfoRepo.RateInfo">
        <compiled>true</compiled>
        <needAbsoluteTime>true</needAbsoluteTime>
        <period>0</period>
        <priority>40</priority>
        <rateIdx>0</rateIdx>
      </rateInfo>
      <resolvedSignalObject></resolvedSignalObject>
      <sigNameToEMVCEMap type="ModelRefInfoRepo.SigNameEMVCEInfo" uuid="7a44d0f2-acdb-4744-a2ec-4f41301258c5"/>
    </outports>
    <outports type="ModelRefInfoRepo.OutportInformation" uuid="a52a379c-b35e-467b-a8b5-8698d01909f0">
      <RTWSignalIdentifier>FuelMassFlw</RTWSignalIdentifier>
      <designMax>inf</designMax>
      <designMin>-inf</designMin>
      <indexType>2</indexType>
      <originalPortNumber>14</originalPortNumber>
      <rateInfo type="ModelRefInfoRepo.RateInfo">
        <compiled>true</compiled>
        <needAbsoluteTime>true</needAbsoluteTime>
        <period>0</period>
        <priority>40</priority>
        <rateIdx>0</rateIdx>
      </rateInfo>
      <resolvedSignalObject></resolvedSignalObject>
      <sigNameToEMVCEMap type="ModelRefInfoRepo.SigNameEMVCEInfo" uuid="00943adf-d5bb-4cd1-9748-51172e03ee6b"/>
    </outports>
    <outports type="ModelRefInfoRepo.OutportInformation" uuid="558ec31c-a59b-492c-8fc1-903a3ca30758">
      <RTWSignalIdentifier>FuelVolFlw</RTWSignalIdentifier>
      <designMax>inf</designMax>
      <designMin>-inf</designMin>
      <indexType>2</indexType>
      <originalPortNumber>15</originalPortNumber>
      <rateInfo type="ModelRefInfoRepo.RateInfo">
        <compiled>true</compiled>
        <needAbsoluteTime>true</needAbsoluteTime>
        <period>0</period>
        <priority>40</priority>
        <rateIdx>0</rateIdx>
      </rateInfo>
      <resolvedSignalObject></resolvedSignalObject>
      <sigNameToEMVCEMap type="ModelRefInfoRepo.SigNameEMVCEInfo" uuid="fcce438e-bf59-4805-ac4c-346c160751f0"/>
    </outports>
    <outports type="ModelRefInfoRepo.OutportInformation" uuid="69757ae6-c5f9-4ef2-aeb5-aa87e625a888">
      <RTWSignalIdentifier>IntkGasMassFlw</RTWSignalIdentifier>
      <designMax>inf</designMax>
      <designMin>-inf</designMin>
      <indexType>2</indexType>
      <originalPortNumber>16</originalPortNumber>
      <rateInfo type="ModelRefInfoRepo.RateInfo">
        <compiled>true</compiled>
        <needAbsoluteTime>true</needAbsoluteTime>
        <period>0</period>
        <priority>40</priority>
        <rateIdx>0</rateIdx>
      </rateInfo>
      <resolvedSignalObject></resolvedSignalObject>
      <sigNameToEMVCEMap type="ModelRefInfoRepo.SigNameEMVCEInfo" uuid="ebc880b4-a778-43b7-bb8a-53efcaa648a1"/>
    </outports>
    <outports type="ModelRefInfoRepo.OutportInformation" uuid="e43f2fbe-f2db-43d6-a970-b4aaf2971f15">
      <RTWSignalIdentifier>NrmlzdAirChrg</RTWSignalIdentifier>
      <designMax>inf</designMax>
      <designMin>-inf</designMin>
      <indexType>2</indexType>
      <originalPortNumber>17</originalPortNumber>
      <rateInfo type="ModelRefInfoRepo.RateInfo">
        <compiled>true</compiled>
        <needAbsoluteTime>true</needAbsoluteTime>
        <period>0</period>
        <priority>40</priority>
        <rateIdx>0</rateIdx>
      </rateInfo>
      <resolvedSignalObject></resolvedSignalObject>
      <sigNameToEMVCEMap type="ModelRefInfoRepo.SigNameEMVCEInfo" uuid="d95ebd74-68ce-4f66-b394-dfcd25b46d34"/>
    </outports>
    <outports type="ModelRefInfoRepo.OutportInformation" uuid="8f5edf1d-c5dc-4c76-85bd-19e0a1447197">
      <RTWSignalIdentifier>Temp</RTWSignalIdentifier>
      <designMax>inf</designMax>
      <designMin>-inf</designMin>
      <indexType>2</indexType>
      <originalPortNumber>18</originalPortNumber>
      <rateInfo type="ModelRefInfoRepo.RateInfo">
        <compiled>true</compiled>
        <needAbsoluteTime>true</needAbsoluteTime>
        <period>0</period>
        <priority>40</priority>
        <rateIdx>0</rateIdx>
      </rateInfo>
      <resolvedSignalObject></resolvedSignalObject>
      <sigNameToEMVCEMap type="ModelRefInfoRepo.SigNameEMVCEInfo" uuid="55192992-43d4-4852-a003-6b3a9262fb83"/>
    </outports>
    <outports type="ModelRefInfoRepo.OutportInformation" uuid="65871a23-6bfe-4b1e-b1aa-955b36411c38">
      <RTWSignalIdentifier>Afr</RTWSignalIdentifier>
      <designMax>inf</designMax>
      <designMin>-inf</designMin>
      <indexType>2</indexType>
      <originalPortNumber>19</originalPortNumber>
      <rateInfo type="ModelRefInfoRepo.RateInfo">
        <compiled>true</compiled>
        <needAbsoluteTime>true</needAbsoluteTime>
        <period>0</period>
        <priority>40</priority>
        <rateIdx>0</rateIdx>
      </rateInfo>
      <resolvedSignalObject></resolvedSignalObject>
      <sigNameToEMVCEMap type="ModelRefInfoRepo.SigNameEMVCEInfo" uuid="25e8b3b1-87af-4d36-8229-2d717eaf7694"/>
    </outports>
    <outports type="ModelRefInfoRepo.OutportInformation" uuid="9033f77d-00c8-4256-8e4a-86a8278a6d65">
      <RTWSignalIdentifier>DriveshftSpd</RTWSignalIdentifier>
      <designMax>inf</designMax>
      <designMin>-inf</designMin>
      <indexType>2</indexType>
      <originalPortNumber>20</originalPortNumber>
      <rateInfo type="ModelRefInfoRepo.RateInfo">
        <compiled>true</compiled>
        <needAbsoluteTime>true</needAbsoluteTime>
        <period>0</period>
        <priority>40</priority>
        <rateIdx>0</rateIdx>
      </rateInfo>
      <resolvedSignalObject></resolvedSignalObject>
      <sigNameToEMVCEMap type="ModelRefInfoRepo.SigNameEMVCEInfo" uuid="f26a013a-705b-4d77-968e-89c1e624ebf8"/>
    </outports>
    <outports type="ModelRefInfoRepo.OutportInformation" uuid="c7a8cb3b-c537-4e79-9925-9319dfa51941">
      <RTWSignalIdentifier>PrsRatio</RTWSignalIdentifier>
      <designMax>inf</designMax>
      <designMin>-inf</designMin>
      <indexType>2</indexType>
      <originalPortNumber>21</originalPortNumber>
      <rateInfo type="ModelRefInfoRepo.RateInfo">
        <compiled>true</compiled>
        <needAbsoluteTime>true</needAbsoluteTime>
        <period>0</period>
        <priority>40</priority>
        <rateIdx>0</rateIdx>
      </rateInfo>
      <resolvedSignalObject></resolvedSignalObject>
      <sigNameToEMVCEMap type="ModelRefInfoRepo.SigNameEMVCEInfo" uuid="249430ff-a1eb-4f56-8e7b-f1631b85cd39"/>
    </outports>
    <outports type="ModelRefInfoRepo.OutportInformation" uuid="f006cb71-a3b9-4e9b-a966-577bb87aab6f">
      <RTWSignalIdentifier>PrsRatio</RTWSignalIdentifier>
      <designMax>inf</designMax>
      <designMin>-inf</designMin>
      <indexType>2</indexType>
      <originalPortNumber>22</originalPortNumber>
      <rateInfo type="ModelRefInfoRepo.RateInfo">
        <compiled>true</compiled>
        <needAbsoluteTime>true</needAbsoluteTime>
        <period>0</period>
        <priority>40</priority>
        <rateIdx>0</rateIdx>
      </rateInfo>
      <resolvedSignalObject></resolvedSignalObject>
      <sigNameToEMVCEMap type="ModelRefInfoRepo.SigNameEMVCEInfo" uuid="a0df21b5-8010-456e-8c9a-f5e3b74b2d37"/>
    </outports>
    <outports type="ModelRefInfoRepo.OutportInformation" uuid="7d9d3c3e-1e30-4f83-943c-2b4bbd8a7812">
      <RTWSignalIdentifier>Temp</RTWSignalIdentifier>
      <designMax>inf</designMax>
      <designMin>-inf</designMin>
      <indexType>2</indexType>
      <originalPortNumber>23</originalPortNumber>
      <rateInfo type="ModelRefInfoRepo.RateInfo">
        <compiled>true</compiled>
        <needAbsoluteTime>true</needAbsoluteTime>
        <period>0</period>
        <priority>40</priority>
        <rateIdx>0</rateIdx>
      </rateInfo>
      <resolvedSignalObject></resolvedSignalObject>
      <sigNameToEMVCEMap type="ModelRefInfoRepo.SigNameEMVCEInfo" uuid="ca7bb1fe-38d2-45ec-99ba-86bab7c05e38"/>
    </outports>
    <outports type="ModelRefInfoRepo.OutportInformation" uuid="98808136-c7b6-4ea4-8f77-cb66116d9405">
      <RTWSignalIdentifier>CmprsOutletTemp</RTWSignalIdentifier>
      <designMax>inf</designMax>
      <designMin>-inf</designMin>
      <indexType>2</indexType>
      <originalPortNumber>24</originalPortNumber>
      <rateInfo type="ModelRefInfoRepo.RateInfo">
        <compiled>true</compiled>
        <needAbsoluteTime>true</needAbsoluteTime>
        <period>0</period>
        <priority>40</priority>
        <rateIdx>0</rateIdx>
      </rateInfo>
      <resolvedSignalObject></resolvedSignalObject>
      <sigNameToEMVCEMap type="ModelRefInfoRepo.SigNameEMVCEInfo" uuid="1e4259c9-b779-4d79-938c-9ebece8ffb81"/>
    </outports>
    <outports type="ModelRefInfoRepo.OutportInformation" uuid="212ded43-a5e0-42df-960f-35f1e695a0d0">
      <designMax>inf</designMax>
      <designMin>-inf</designMin>
      <indexType>2</indexType>
      <originalPortNumber>25</originalPortNumber>
      <rateInfo type="ModelRefInfoRepo.RateInfo">
        <compiled>true</compiled>
        <needAbsoluteTime>true</needAbsoluteTime>
        <period>0</period>
        <priority>40</priority>
        <rateIdx>0</rateIdx>
      </rateInfo>
      <resolvedSignalObject></resolvedSignalObject>
      <sigNameToEMVCEMap type="ModelRefInfoRepo.SigNameEMVCEInfo" uuid="a3a65fc7-a99d-4cf5-92eb-c510ed4825ae"/>
    </outports>
    <outports type="ModelRefInfoRepo.OutportInformation" uuid="268df45c-1ab7-4631-97ce-e14f40070ea4">
      <RTWSignalIdentifier>OrfMassFlw</RTWSignalIdentifier>
      <designMax>inf</designMax>
      <designMin>-inf</designMin>
      <indexType>2</indexType>
      <originalPortNumber>26</originalPortNumber>
      <rateInfo type="ModelRefInfoRepo.RateInfo">
        <compiled>true</compiled>
        <needAbsoluteTime>true</needAbsoluteTime>
        <period>0</period>
        <priority>40</priority>
        <rateIdx>0</rateIdx>
      </rateInfo>
      <resolvedSignalObject></resolvedSignalObject>
      <sigNameToEMVCEMap type="ModelRefInfoRepo.SigNameEMVCEInfo" uuid="d70ec5d5-1055-407c-bd80-1ad65e24b47f"/>
    </outports>
    <outports type="ModelRefInfoRepo.OutportInformation" uuid="c7009965-e37e-44cb-8519-691ba664e7d0">
      <RTWSignalIdentifier>OutletTemp</RTWSignalIdentifier>
      <designMax>inf</designMax>
      <designMin>-inf</designMin>
      <indexType>2</indexType>
      <originalPortNumber>27</originalPortNumber>
      <rateInfo type="ModelRefInfoRepo.RateInfo">
        <compiled>true</compiled>
        <needAbsoluteTime>true</needAbsoluteTime>
        <period>0</period>
        <priority>40</priority>
        <rateIdx>0</rateIdx>
      </rateInfo>
      <resolvedSignalObject></resolvedSignalObject>
      <sigNameToEMVCEMap type="ModelRefInfoRepo.SigNameEMVCEInfo" uuid="56a4392d-81cc-4114-80a7-8fb909b1dad1"/>
    </outports>
    <outports type="ModelRefInfoRepo.OutportInformation" uuid="f5d7fca0-2a81-4e2a-a839-5bbe44215a87">
      <RTWSignalIdentifier>OutletTemp</RTWSignalIdentifier>
      <designMax>inf</designMax>
      <designMin>-inf</designMin>
      <indexType>2</indexType>
      <originalPortNumber>28</originalPortNumber>
      <rateInfo type="ModelRefInfoRepo.RateInfo">
        <compiled>true</compiled>
        <needAbsoluteTime>true</needAbsoluteTime>
        <period>0</period>
        <priority>40</priority>
        <rateIdx>0</rateIdx>
      </rateInfo>
      <resolvedSignalObject></resolvedSignalObject>
      <sigNameToEMVCEMap type="ModelRefInfoRepo.SigNameEMVCEInfo" uuid="7db185db-d301-48dc-b187-4ef62e6a8606"/>
    </outports>
    <outports type="ModelRefInfoRepo.OutportInformation" uuid="211e395a-fe13-449b-896a-02f4e36b9718">
      <designMax>inf</designMax>
      <designMin>-inf</designMin>
      <indexType>2</indexType>
      <originalPortNumber>29</originalPortNumber>
      <rateInfo type="ModelRefInfoRepo.RateInfo">
        <compiled>true</compiled>
        <needAbsoluteTime>true</needAbsoluteTime>
        <period>0</period>
        <priority>40</priority>
        <rateIdx>0</rateIdx>
      </rateInfo>
      <resolvedSignalObject></resolvedSignalObject>
      <sigNameToEMVCEMap type="ModelRefInfoRepo.SigNameEMVCEInfo" uuid="85c18789-8a9a-4c24-aaf5-85c77f51c68f"/>
    </outports>
    <outports type="ModelRefInfoRepo.OutportInformation" uuid="30550064-e887-496f-81d9-d37611ab7d84">
      <blkIOUpdatedInAnotherExecContext>true</blkIOUpdatedInAnotherExecContext>
      <computeICInFirstInitialize>true</computeICInFirstInitialize>
      <drivenByOutputPortWithCGInit>true</drivenByOutputPortWithCGInit>
      <hasSystemInitMethod>true</hasSystemInitMethod>
      <isInitializedWithIC>true</isInitializedWithIC>
      <RTWSignalIdentifier>TP HC</RTWSignalIdentifier>
      <designMax>inf</designMax>
      <designMin>-inf</designMin>
      <indexType>2</indexType>
      <originalPortNumber>30</originalPortNumber>
      <rateInfo type="ModelRefInfoRepo.RateInfo">
        <compiled>true</compiled>
        <needAbsoluteTime>true</needAbsoluteTime>
        <period>0</period>
        <priority>40</priority>
        <rateIdx>0</rateIdx>
      </rateInfo>
      <resolvedSignalObject></resolvedSignalObject>
      <sigNameToEMVCEMap type="ModelRefInfoRepo.SigNameEMVCEInfo" uuid="6e04bc83-dcb8-4999-b8cc-6f0467662056"/>
    </outports>
    <outports type="ModelRefInfoRepo.OutportInformation" uuid="07ad58f0-146e-47d5-8895-f351bad9955d">
      <blkIOUpdatedInAnotherExecContext>true</blkIOUpdatedInAnotherExecContext>
      <computeICInFirstInitialize>true</computeICInFirstInitialize>
      <drivenByOutputPortWithCGInit>true</drivenByOutputPortWithCGInit>
      <hasSystemInitMethod>true</hasSystemInitMethod>
      <isInitializedWithIC>true</isInitializedWithIC>
      <RTWSignalIdentifier>TP CO</RTWSignalIdentifier>
      <designMax>inf</designMax>
      <designMin>-inf</designMin>
      <indexType>2</indexType>
      <originalPortNumber>31</originalPortNumber>
      <rateInfo type="ModelRefInfoRepo.RateInfo">
        <compiled>true</compiled>
        <needAbsoluteTime>true</needAbsoluteTime>
        <period>0</period>
        <priority>40</priority>
        <rateIdx>0</rateIdx>
      </rateInfo>
      <resolvedSignalObject></resolvedSignalObject>
      <sigNameToEMVCEMap type="ModelRefInfoRepo.SigNameEMVCEInfo" uuid="9c8c0055-fba6-4939-8da0-0ef2628e859e"/>
    </outports>
    <outports type="ModelRefInfoRepo.OutportInformation" uuid="51254950-407a-4a45-b186-7cca72c8ccd3">
      <blkIOUpdatedInAnotherExecContext>true</blkIOUpdatedInAnotherExecContext>
      <computeICInFirstInitialize>true</computeICInFirstInitialize>
      <drivenByOutputPortWithCGInit>true</drivenByOutputPortWithCGInit>
      <hasSystemInitMethod>true</hasSystemInitMethod>
      <isInitializedWithIC>true</isInitializedWithIC>
      <RTWSignalIdentifier>TP NOx</RTWSignalIdentifier>
      <designMax>inf</designMax>
      <designMin>-inf</designMin>
      <indexType>2</indexType>
      <originalPortNumber>32</originalPortNumber>
      <rateInfo type="ModelRefInfoRepo.RateInfo">
        <compiled>true</compiled>
        <needAbsoluteTime>true</needAbsoluteTime>
        <period>0</period>
        <priority>40</priority>
        <rateIdx>0</rateIdx>
      </rateInfo>
      <resolvedSignalObject></resolvedSignalObject>
      <sigNameToEMVCEMap type="ModelRefInfoRepo.SigNameEMVCEInfo" uuid="742c2f1f-4e1b-440f-b003-d98bee1bbefb"/>
    </outports>
    <outports type="ModelRefInfoRepo.OutportInformation" uuid="63c35717-331a-4caf-b7f4-112db61df659">
      <RTWSignalIdentifier>EO CO2</RTWSignalIdentifier>
      <designMax>inf</designMax>
      <designMin>-inf</designMin>
      <indexType>2</indexType>
      <originalPortNumber>33</originalPortNumber>
      <rateInfo type="ModelRefInfoRepo.RateInfo">
        <compiled>true</compiled>
        <needAbsoluteTime>true</needAbsoluteTime>
        <period>0</period>
        <priority>40</priority>
        <rateIdx>0</rateIdx>
      </rateInfo>
      <resolvedSignalObject></resolvedSignalObject>
      <sigNameToEMVCEMap type="ModelRefInfoRepo.SigNameEMVCEInfo" uuid="a8f36c35-502c-40a7-9d73-9a9dcbfc49aa"/>
    </outports>
    <outports type="ModelRefInfoRepo.OutportInformation" uuid="19ad7519-d460-418f-9b69-250a3f7ee825">
      <RTWSignalIdentifier>BndryTemp</RTWSignalIdentifier>
      <designMax>inf</designMax>
      <designMin>-inf</designMin>
      <indexType>2</indexType>
      <originalPortNumber>34</originalPortNumber>
      <rateInfo type="ModelRefInfoRepo.RateInfo">
        <compiled>true</compiled>
        <needAbsoluteTime>true</needAbsoluteTime>
        <period>0</period>
        <priority>40</priority>
        <rateIdx>0</rateIdx>
      </rateInfo>
      <resolvedSignalObject></resolvedSignalObject>
      <sigNameToEMVCEMap type="ModelRefInfoRepo.SigNameEMVCEInfo" uuid="7ca5a6b1-0aa1-47fa-b900-e84ad5aa5ad7"/>
    </outports>
    <outports type="ModelRefInfoRepo.OutportInformation" uuid="b3711640-4c4c-4251-a06e-3fc53c14d040">
      <RTWSignalIdentifier>Ect</RTWSignalIdentifier>
      <designMax>inf</designMax>
      <designMin>-inf</designMin>
      <indexType>2</indexType>
      <originalPortNumber>35</originalPortNumber>
      <rateInfo type="ModelRefInfoRepo.RateInfo">
        <compiled>true</compiled>
        <needAbsoluteTime>true</needAbsoluteTime>
        <period>0</period>
        <priority>40</priority>
        <rateIdx>0</rateIdx>
      </rateInfo>
      <resolvedSignalObject></resolvedSignalObject>
      <sigNameToEMVCEMap type="ModelRefInfoRepo.SigNameEMVCEInfo" uuid="5b6e60c7-fd5c-4e6c-89ad-ef07a4a69de0"/>
    </outports>
    <outports type="ModelRefInfoRepo.OutportInformation" uuid="3bd264ca-d912-44db-bda8-078b2c37a081">
      <RTWSignalIdentifier>EgrDeltaPrs</RTWSignalIdentifier>
      <designMax>inf</designMax>
      <designMin>-inf</designMin>
      <indexType>2</indexType>
      <originalPortNumber>36</originalPortNumber>
      <rateInfo type="ModelRefInfoRepo.RateInfo">
        <compiled>true</compiled>
        <needAbsoluteTime>true</needAbsoluteTime>
        <period>0</period>
        <priority>40</priority>
        <rateIdx>0</rateIdx>
      </rateInfo>
      <resolvedSignalObject></resolvedSignalObject>
      <sigNameToEMVCEMap type="ModelRefInfoRepo.SigNameEMVCEInfo" uuid="cbccd56a-0d0e-471e-b584-416b573ac092"/>
    </outports>
    <outports type="ModelRefInfoRepo.OutportInformation" uuid="b5acfc9a-e837-4778-94af-91bfce71740e">
      <RTWSignalIdentifier>InletTemp</RTWSignalIdentifier>
      <designMax>inf</designMax>
      <designMin>-inf</designMin>
      <indexType>2</indexType>
      <originalPortNumber>37</originalPortNumber>
      <rateInfo type="ModelRefInfoRepo.RateInfo">
        <compiled>true</compiled>
        <needAbsoluteTime>true</needAbsoluteTime>
        <period>0</period>
        <priority>40</priority>
        <rateIdx>0</rateIdx>
      </rateInfo>
      <resolvedSignalObject></resolvedSignalObject>
      <sigNameToEMVCEMap type="ModelRefInfoRepo.SigNameEMVCEInfo" uuid="70151870-6ddd-47c5-9691-ffe3be333347"/>
    </outports>
    <periodicStateInfo type="ModelRefInfoRepo.PeriodicStateInfo" uuid="6a8f6847-d758-4700-9c0c-1df3bcdc0fa3">
      <continuousStateIndex>48</continuousStateIndex>
      <stateUpperValue>720</stateUpperValue>
    </periodicStateInfo>
    <preCompAllowConstTsOnPorts>false</preCompAllowConstTsOnPorts>
    <preCompAllowPortBasedInTriggeredSS>false</preCompAllowPortBasedInTriggeredSS>
    <runtimeNonFcnCallRateInfos type="ModelRefInfoRepo.RateInfo">
      <compiled>true</compiled>
      <needAbsoluteTime>true</needAbsoluteTime>
      <period>0</period>
      <priority>40</priority>
      <rateIdx>0</rateIdx>
    </runtimeNonFcnCallRateInfos>
    <runtimeNonFcnCallRateInfos type="ModelRefInfoRepo.RateInfo">
      <compiled>true</compiled>
      <needAbsoluteTime>true</needAbsoluteTime>
      <offset>1</offset>
      <period>0</period>
      <priority>40</priority>
      <rateIdx>1</rateIdx>
    </runtimeNonFcnCallRateInfos>
    <sampleTimeInheritanceRule>2</sampleTimeInheritanceRule>
    <timingAndTaskingRegistry>&lt;?xml version=&quot;1.0&quot;?&gt;
&lt;slexec_sto version=&quot;1.1&quot; packageUris=&quot;http://schema.mathworks.com/mf0/slexec_mm_sto/R2019b_201902271317&quot;&gt;
  &lt;sto.Registry type=&quot;sto.Registry&quot; uuid=&quot;f073673f-54b1-4b1e-9d8e-2af253140cb0&quot;&gt;
    &lt;clocks type=&quot;sto.Timer&quot; uuid=&quot;989132b1-cad4-41d6-945c-6c541a2628d4&quot;&gt;
      &lt;needsToProvideTimeDuringExecution&gt;true&lt;/needsToProvideTimeDuringExecution&gt;
      &lt;clockDomain type=&quot;sto.ClockDomain&quot; uuid=&quot;66fcec87-da52-42e2-ba29-68e6ed52d8f1&quot;&gt;
        &lt;baseTaskID&gt;_task0&lt;/baseTaskID&gt;
        &lt;computedFundamentalStepSize&gt;0.20000000000000001&lt;/computedFundamentalStepSize&gt;
        &lt;rates type=&quot;sto.Rate&quot; uuid=&quot;0980a682-2692-4f4d-9f2d-64f00ef68a19&quot;/&gt;
        &lt;rates type=&quot;sto.Rate&quot; uuid=&quot;b5a5bfd9-2e91-4382-befd-12cf22605f80&quot;/&gt;
        &lt;rootTaskHierarchyElements type=&quot;sto.Task&quot; uuid=&quot;23d0379f-34a3-4b52-a603-37170667ff32&quot;&gt;
          &lt;isExecutable&gt;true&lt;/isExecutable&gt;
          &lt;orderIndex&gt;1&lt;/orderIndex&gt;
          &lt;rates type=&quot;sto.Rate&quot; uuid=&quot;0980a682-2692-4f4d-9f2d-64f00ef68a19&quot;&gt;
            &lt;annotation&gt;Cont&lt;/annotation&gt;
            &lt;description&gt;Continuous&lt;/description&gt;
            &lt;eventSourceType&gt;UNSPECIFIED_EVENT_SOURCE&lt;/eventSourceType&gt;
            &lt;registry type=&quot;sto.Registry&quot; uuid=&quot;f073673f-54b1-4b1e-9d8e-2af253140cb0&quot;/&gt;
            &lt;taskId&gt;_task0&lt;/taskId&gt;
            &lt;rateSpec type=&quot;sto.RateSpec&quot; uuid=&quot;d4ad8013-7e3f-48e1-91a7-42a66b2d0910&quot;/&gt;
          &lt;/rates&gt;
          &lt;rates type=&quot;sto.Rate&quot; uuid=&quot;b5a5bfd9-2e91-4382-befd-12cf22605f80&quot;&gt;
            &lt;annotation&gt;FiM&lt;/annotation&gt;
            &lt;colorIndex&gt;8&lt;/colorIndex&gt;
            &lt;description&gt;Fixed in Minor Step&lt;/description&gt;
            &lt;eventSourceType&gt;UNSPECIFIED_EVENT_SOURCE&lt;/eventSourceType&gt;
            &lt;rateIDX&gt;1&lt;/rateIDX&gt;
            &lt;registry type=&quot;sto.Registry&quot; uuid=&quot;f073673f-54b1-4b1e-9d8e-2af253140cb0&quot;/&gt;
            &lt;taskId&gt;_task0&lt;/taskId&gt;
            &lt;rateSpec type=&quot;sto.RateSpec&quot; uuid=&quot;2903889b-bc1d-4841-bd67-cb376f72c320&quot;&gt;
              &lt;offset&gt;1&lt;/offset&gt;
              &lt;rateType&gt;ZOHContinuous&lt;/rateType&gt;
            &lt;/rateSpec&gt;
          &lt;/rates&gt;
          &lt;elementType&gt;Task&lt;/elementType&gt;
          &lt;identifier&gt;_task0&lt;/identifier&gt;
          &lt;priority&gt;40&lt;/priority&gt;
        &lt;/rootTaskHierarchyElements&gt;
      &lt;/clockDomain&gt;
    &lt;/clocks&gt;
    &lt;clocks type=&quot;sto.Event&quot; uuid=&quot;7c7e4f95-3da3-4b49-bf29-44833dda32f0&quot;&gt;
      &lt;eventType&gt;PARAMETER_CHANGE_EVENT&lt;/eventType&gt;
      &lt;cNum&gt;1&lt;/cNum&gt;
      &lt;clockType&gt;Event&lt;/clockType&gt;
      &lt;identifier&gt;ParameterChangeEvent&lt;/identifier&gt;
      &lt;resolution&gt;-1&lt;/resolution&gt;
      &lt;specifiedTaskingMode&gt;ExplicitTasking&lt;/specifiedTaskingMode&gt;
      &lt;timeAdvanceMode&gt;None&lt;/timeAdvanceMode&gt;
      &lt;clockDomain type=&quot;sto.ClockDomain&quot; uuid=&quot;af692021-6333-459a-9fbc-884ddd9b153d&quot;&gt;
        &lt;computedFundamentalStepSize&gt;-1&lt;/computedFundamentalStepSize&gt;
        &lt;rates type=&quot;sto.Rate&quot; uuid=&quot;6d678315-cac6-4366-8551-b121fb40ac26&quot;/&gt;
        &lt;rootTaskHierarchyElements type=&quot;sto.Task&quot; uuid=&quot;1db6001f-da04-472e-8c54-5a7fc579ac0f&quot;&gt;
          &lt;isExecutable&gt;true&lt;/isExecutable&gt;
          &lt;isExplicit&gt;true&lt;/isExplicit&gt;
          &lt;rates type=&quot;sto.Rate&quot; uuid=&quot;6d678315-cac6-4366-8551-b121fb40ac26&quot;&gt;
            &lt;annotation&gt;Inf&lt;/annotation&gt;
            &lt;colorIndex&gt;6&lt;/colorIndex&gt;
            &lt;description&gt;Constant&lt;/description&gt;
            &lt;eventSourceType&gt;PARAMETER_CHANGE_EVENT&lt;/eventSourceType&gt;
            &lt;rateIDX&gt;2&lt;/rateIDX&gt;
            &lt;registry type=&quot;sto.Registry&quot; uuid=&quot;f073673f-54b1-4b1e-9d8e-2af253140cb0&quot;/&gt;
            &lt;stringID&gt;ParameterChangeEvent&lt;/stringID&gt;
            &lt;taskId&gt;ModelWideParameterChangeEvent&lt;/taskId&gt;
            &lt;rateSpec type=&quot;sto.RateSpec&quot; uuid=&quot;ae67d4c8-7b0d-49f5-ab1b-205e5bea81eb&quot;&gt;
              &lt;period&gt;inf&lt;/period&gt;
              &lt;rateType&gt;ModelWideParameterChangeEvent&lt;/rateType&gt;
            &lt;/rateSpec&gt;
          &lt;/rates&gt;
          &lt;tNum&gt;1&lt;/tNum&gt;
          &lt;elementType&gt;Task&lt;/elementType&gt;
          &lt;identifier&gt;ModelWideParameterChangeEvent&lt;/identifier&gt;
          &lt;priority&gt;-1&lt;/priority&gt;
          &lt;schedulingClockID&gt;ParameterChangeEvent&lt;/schedulingClockID&gt;
        &lt;/rootTaskHierarchyElements&gt;
      &lt;/clockDomain&gt;
    &lt;/clocks&gt;
    &lt;executionSpec&gt;Undetermined&lt;/executionSpec&gt;
    &lt;hasUnknownEdges&gt;true&lt;/hasUnknownEdges&gt;
    &lt;taskDependencyGraph type=&quot;sto.SerializedTaskConnectionList&quot; uuid=&quot;59b42012-460c-41a8-af42-a0c3440d9304&quot;&gt;
      &lt;serializedConnectionProperties type=&quot;sto.SerializedConnectionProperties&quot; uuid=&quot;0e54be1b-c224-42fc-bc47-1bf5a92f6a7c&quot;&gt;
        &lt;isInternal&gt;true&lt;/isInternal&gt;
        &lt;targetClockIdentifier&gt;ParameterChangeEvent&lt;/targetClockIdentifier&gt;
        &lt;targetTaskIdentifier&gt;ModelWideParameterChangeEvent&lt;/targetTaskIdentifier&gt;
      &lt;/serializedConnectionProperties&gt;
      &lt;taskIdentifier&gt;_task0&lt;/taskIdentifier&gt;
    &lt;/taskDependencyGraph&gt;
    &lt;taskDependencyGraph type=&quot;sto.SerializedTaskConnectionList&quot; uuid=&quot;ae10a2c7-a262-45f2-9676-36981fe0754e&quot;&gt;
      &lt;clockIdentifier&gt;ParameterChangeEvent&lt;/clockIdentifier&gt;
      &lt;serializedConnectionProperties type=&quot;sto.SerializedConnectionProperties&quot; uuid=&quot;1e3f937d-fb72-409b-b366-0d6e32efb4dc&quot;&gt;
        &lt;targetTaskIdentifier&gt;_task0&lt;/targetTaskIdentifier&gt;
      &lt;/serializedConnectionProperties&gt;
      &lt;taskIdentifier&gt;ModelWideParameterChangeEvent&lt;/taskIdentifier&gt;
    &lt;/taskDependencyGraph&gt;
    &lt;taskPriorityDirection&gt;HighNumberLast&lt;/taskPriorityDirection&gt;
    &lt;tasks type=&quot;sto.Task&quot; uuid=&quot;23d0379f-34a3-4b52-a603-37170667ff32&quot;/&gt;
    &lt;tasks type=&quot;sto.Task&quot; uuid=&quot;1db6001f-da04-472e-8c54-5a7fc579ac0f&quot;/&gt;
  &lt;/sto.Registry&gt;
&lt;/slexec_sto&gt;</timingAndTaskingRegistry>
    <usePortBasedSampleTime>false</usePortBasedSampleTime>
    <zeroCrossingInfo type="ModelRefInfoRepo.ZeroCrossingInfo" uuid="a67eb341-3a12-4608-af9b-290fd9156553">
      <direction>63</direction>
      <isDiscrete>false</isDiscrete>
      <name>UprLim</name>
      <tolerance>-1</tolerance>
      <width>1</width>
    </zeroCrossingInfo>
    <zeroCrossingInfo type="ModelRefInfoRepo.ZeroCrossingInfo" uuid="ccc305ba-afc6-4c1e-be2b-0dbf5cf55985">
      <direction>63</direction>
      <isDiscrete>false</isDiscrete>
      <name>LwrLim</name>
      <tolerance>-1</tolerance>
      <width>1</width>
    </zeroCrossingInfo>
    <zeroCrossingInfo type="ModelRefInfoRepo.ZeroCrossingInfo" uuid="bd13a45b-1e2c-46f7-8b93-e014d40ac635">
      <direction>63</direction>
      <isDiscrete>false</isDiscrete>
      <name>UprLim</name>
      <needsSolverReset>true</needsSolverReset>
      <tolerance>-1</tolerance>
      <width>1</width>
    </zeroCrossingInfo>
    <zeroCrossingInfo type="ModelRefInfoRepo.ZeroCrossingInfo" uuid="e141c710-e5e3-43e2-8d7f-e284f9aef2d4">
      <direction>63</direction>
      <isDiscrete>false</isDiscrete>
      <name>LwrLim</name>
      <needsSolverReset>true</needsSolverReset>
      <tolerance>-1</tolerance>
      <width>1</width>
    </zeroCrossingInfo>
    <zeroCrossingInfo type="ModelRefInfoRepo.ZeroCrossingInfo" uuid="0704ebd2-e1b0-40bd-bb9e-1374f8f12803">
      <direction>63</direction>
      <isDiscrete>false</isDiscrete>
      <name>UprLim</name>
      <needsSolverReset>true</needsSolverReset>
      <tolerance>-1</tolerance>
      <width>1</width>
    </zeroCrossingInfo>
    <zeroCrossingInfo type="ModelRefInfoRepo.ZeroCrossingInfo" uuid="a1933f4b-41be-4140-aae7-0102eebc3f87">
      <direction>63</direction>
      <isDiscrete>false</isDiscrete>
      <name>LwrLim</name>
      <needsSolverReset>true</needsSolverReset>
      <tolerance>-1</tolerance>
      <width>1</width>
    </zeroCrossingInfo>
    <zeroCrossingInfo type="ModelRefInfoRepo.ZeroCrossingInfo" uuid="d7572146-fa72-4e4b-8ace-ad7d612f7082">
      <direction>63</direction>
      <isDiscrete>false</isDiscrete>
      <name>UprLim</name>
      <needsSolverReset>true</needsSolverReset>
      <tolerance>-1</tolerance>
      <width>1</width>
    </zeroCrossingInfo>
    <zeroCrossingInfo type="ModelRefInfoRepo.ZeroCrossingInfo" uuid="098148b3-c938-41b2-9ddc-ef42105a7039">
      <direction>63</direction>
      <isDiscrete>false</isDiscrete>
      <name>LwrLim</name>
      <needsSolverReset>true</needsSolverReset>
      <tolerance>-1</tolerance>
      <width>1</width>
    </zeroCrossingInfo>
    <zeroCrossingInfo type="ModelRefInfoRepo.ZeroCrossingInfo" uuid="ee2a372b-83ab-4b5a-b319-3ce90cbd72db">
      <direction>7</direction>
      <isDiscrete>false</isDiscrete>
      <name>IntgUpLimit</name>
      <needsSolverReset>true</needsSolverReset>
      <tolerance>-1</tolerance>
      <width>1</width>
    </zeroCrossingInfo>
    <zeroCrossingInfo type="ModelRefInfoRepo.ZeroCrossingInfo" uuid="a7cebfef-8329-45aa-93a8-a9b969b542e5">
      <direction>56</direction>
      <isDiscrete>false</isDiscrete>
      <name>IntgLoLimit</name>
      <needsSolverReset>true</needsSolverReset>
      <tolerance>-1</tolerance>
      <width>1</width>
    </zeroCrossingInfo>
    <zeroCrossingInfo type="ModelRefInfoRepo.ZeroCrossingInfo" uuid="e4ae051d-2959-431d-85d4-eb5a668b297e">
      <direction>63</direction>
      <isDiscrete>false</isDiscrete>
      <name>LeaveSaturate</name>
      <needsSolverReset>true</needsSolverReset>
      <tolerance>-1</tolerance>
      <width>1</width>
    </zeroCrossingInfo>
    <zeroCrossingInfo type="ModelRefInfoRepo.ZeroCrossingInfo" uuid="e0bfb5a3-010c-427f-b956-9b37e534ca75">
      <direction>63</direction>
      <isDiscrete>false</isDiscrete>
      <name>UprLim</name>
      <needsSolverReset>true</needsSolverReset>
      <tolerance>-1</tolerance>
      <width>1</width>
    </zeroCrossingInfo>
    <zeroCrossingInfo type="ModelRefInfoRepo.ZeroCrossingInfo" uuid="f446bb8b-1a3c-4d9b-a2f4-17af68bffb87">
      <direction>63</direction>
      <isDiscrete>false</isDiscrete>
      <name>LwrLim</name>
      <needsSolverReset>true</needsSolverReset>
      <tolerance>-1</tolerance>
      <width>1</width>
    </zeroCrossingInfo>
    <zeroCrossingInfo type="ModelRefInfoRepo.ZeroCrossingInfo" uuid="77da2c26-6bd3-42e6-911c-fa2c1dd69aec">
      <direction>63</direction>
      <isDiscrete>false</isDiscrete>
      <name>UprLim</name>
      <needsSolverReset>true</needsSolverReset>
      <tolerance>-1</tolerance>
      <width>1</width>
    </zeroCrossingInfo>
    <zeroCrossingInfo type="ModelRefInfoRepo.ZeroCrossingInfo" uuid="b7ba37cb-8d5e-4d6f-974c-33ffb916101e">
      <direction>63</direction>
      <isDiscrete>false</isDiscrete>
      <name>LwrLim</name>
      <needsSolverReset>true</needsSolverReset>
      <tolerance>-1</tolerance>
      <width>1</width>
    </zeroCrossingInfo>
    <zeroCrossingInfo type="ModelRefInfoRepo.ZeroCrossingInfo" uuid="fab35ecc-40a7-42bb-a8d4-939c38de0466">
      <direction>63</direction>
      <isDiscrete>false</isDiscrete>
      <name>UprLim</name>
      <needsSolverReset>true</needsSolverReset>
      <tolerance>-1</tolerance>
      <width>1</width>
    </zeroCrossingInfo>
    <zeroCrossingInfo type="ModelRefInfoRepo.ZeroCrossingInfo" uuid="d5719b13-b22c-4b9e-a24b-da951cbf86ab">
      <direction>63</direction>
      <isDiscrete>false</isDiscrete>
      <name>LwrLim</name>
      <needsSolverReset>true</needsSolverReset>
      <tolerance>-1</tolerance>
      <width>1</width>
    </zeroCrossingInfo>
    <zeroCrossingInfo type="ModelRefInfoRepo.ZeroCrossingInfo" uuid="0b5fe7d8-0133-4248-9004-049cc9cc6cff">
      <direction>63</direction>
      <isDiscrete>false</isDiscrete>
      <name>UprLim</name>
      <needsSolverReset>true</needsSolverReset>
      <tolerance>-1</tolerance>
      <width>1</width>
    </zeroCrossingInfo>
    <zeroCrossingInfo type="ModelRefInfoRepo.ZeroCrossingInfo" uuid="110c33a3-e490-4082-9b65-476dcb8654e6">
      <direction>63</direction>
      <isDiscrete>false</isDiscrete>
      <name>LwrLim</name>
      <needsSolverReset>true</needsSolverReset>
      <tolerance>-1</tolerance>
      <width>1</width>
    </zeroCrossingInfo>
    <zeroCrossingInfo type="ModelRefInfoRepo.ZeroCrossingInfo" uuid="6568f6f7-793e-4893-bb0a-13a838f5534c">
      <direction>63</direction>
      <isDiscrete>false</isDiscrete>
      <name>UprLim</name>
      <needsSolverReset>true</needsSolverReset>
      <tolerance>-1</tolerance>
      <width>1</width>
    </zeroCrossingInfo>
    <zeroCrossingInfo type="ModelRefInfoRepo.ZeroCrossingInfo" uuid="6497caca-ba0c-4175-aa61-c561f47240c8">
      <direction>63</direction>
      <isDiscrete>false</isDiscrete>
      <name>LwrLim</name>
      <needsSolverReset>true</needsSolverReset>
      <tolerance>-1</tolerance>
      <width>1</width>
    </zeroCrossingInfo>
    <zeroCrossingInfo type="ModelRefInfoRepo.ZeroCrossingInfo" uuid="aa2818d5-c94e-49d6-a45b-23aee3009b5c">
      <direction>63</direction>
      <isDiscrete>false</isDiscrete>
      <name>RelopInput</name>
      <needsSolverReset>true</needsSolverReset>
      <tolerance>-1</tolerance>
      <width>1</width>
    </zeroCrossingInfo>
    <zeroCrossingInfo type="ModelRefInfoRepo.ZeroCrossingInfo" uuid="c10c00f4-f8ea-486f-9ab0-2a2261c01741">
      <direction>63</direction>
      <isDiscrete>false</isDiscrete>
      <name>IfInput</name>
      <tolerance>-1</tolerance>
      <width>1</width>
    </zeroCrossingInfo>
    <FMUBlockMap type="ModelRefInfoRepo.FMUBlockInfo" uuid="c7e138a7-9300-4763-9efb-e15630db3c00"/>
    <codeGenInfo type="ModelRefInfoRepo.CodeGenInformation" uuid="088142c3-a4dd-45bd-9dae-7bd7bffa0183">
      <DWorkTypeName>mi1gy4ncu4i</DWorkTypeName>
    </codeGenInfo>
    <configSettingsForConsistencyChecks type="ModelRefInfoRepo.ConfigSettingsForConsistencyChecks" uuid="5db1f5ee-39eb-47b2-a72d-f2d76973985b">
      <consistentOutportInitialization>true</consistentOutportInitialization>
      <frameDiagnosticSetting>2</frameDiagnosticSetting>
      <signalLoggingSaveFormat>2</signalLoggingSaveFormat>
      <solverName>VariableStepAuto</solverName>
      <hardwareSettings type="ModelRefInfoRepo.HardwareSettings" uuid="6c119edc-0d24-452d-8e8f-752909e19c54">
        <prodBitPerChar>8</prodBitPerChar>
        <prodBitPerDouble>64</prodBitPerDouble>
        <prodBitPerFloat>32</prodBitPerFloat>
        <prodBitPerInt>32</prodBitPerInt>
        <prodBitPerLong>32</prodBitPerLong>
        <prodBitPerLongLong>64</prodBitPerLongLong>
        <prodBitPerPointer>64</prodBitPerPointer>
        <prodBitPerPtrDiffT>64</prodBitPerPtrDiffT>
        <prodBitPerShort>16</prodBitPerShort>
        <prodBitPerSizeT>64</prodBitPerSizeT>
        <prodEndianess>1</prodEndianess>
        <prodShiftRight>true</prodShiftRight>
        <prodWordSize>64</prodWordSize>
      </hardwareSettings>
    </configSettingsForConsistencyChecks>
    <controllableInputRatesMap type="ModelRefInfoRepo.VarTsUIDMap" uuid="bf979804-6289-4092-aae2-94c1be55322c"/>
    <controllableOutputRatesMap type="ModelRefInfoRepo.VarTsUIDMap" uuid="c3f9ebd5-d740-4ad1-a665-d76597ec071e"/>
    <dataPortGroup type="ModelRefInfoRepo.DataPortGroup" uuid="68753c70-4ee9-4642-a197-a9a6d1cb7f73">
      <dataInputPorts>0</dataInputPorts>
      <dataInputPorts>1</dataInputPorts>
      <dataInputPorts>2</dataInputPorts>
      <dataInputPorts>3</dataInputPorts>
      <dataInputPorts>4</dataInputPorts>
      <dataInputPorts>5</dataInputPorts>
      <dataInputPorts>6</dataInputPorts>
      <dataInputPorts>7</dataInputPorts>
      <dataInputPorts>8</dataInputPorts>
      <dataInputPorts>9</dataInputPorts>
      <dataInputPorts>10</dataInputPorts>
      <dataInputPorts>11</dataInputPorts>
      <dataInputPorts>12</dataInputPorts>
      <dataInputPorts>13</dataInputPorts>
      <dataInputPorts>14</dataInputPorts>
      <dataInputPorts>15</dataInputPorts>
      <dataInputPorts>16</dataInputPorts>
      <dataInputPorts>17</dataInputPorts>
      <dataInputPorts>18</dataInputPorts>
      <dataOutputPorts>0</dataOutputPorts>
      <dataOutputPorts>1</dataOutputPorts>
      <dataOutputPorts>2</dataOutputPorts>
      <dataOutputPorts>3</dataOutputPorts>
      <dataOutputPorts>4</dataOutputPorts>
      <dataOutputPorts>5</dataOutputPorts>
      <dataOutputPorts>6</dataOutputPorts>
      <dataOutputPorts>7</dataOutputPorts>
      <dataOutputPorts>8</dataOutputPorts>
      <dataOutputPorts>9</dataOutputPorts>
      <dataOutputPorts>10</dataOutputPorts>
      <dataOutputPorts>11</dataOutputPorts>
      <dataOutputPorts>12</dataOutputPorts>
      <dataOutputPorts>13</dataOutputPorts>
      <dataOutputPorts>14</dataOutputPorts>
      <dataOutputPorts>15</dataOutputPorts>
      <dataOutputPorts>16</dataOutputPorts>
      <dataOutputPorts>17</dataOutputPorts>
      <dataOutputPorts>18</dataOutputPorts>
      <dataOutputPorts>19</dataOutputPorts>
      <dataOutputPorts>20</dataOutputPorts>
      <dataOutputPorts>21</dataOutputPorts>
      <dataOutputPorts>22</dataOutputPorts>
      <dataOutputPorts>23</dataOutputPorts>
      <dataOutputPorts>24</dataOutputPorts>
      <dataOutputPorts>25</dataOutputPorts>
      <dataOutputPorts>26</dataOutputPorts>
      <dataOutputPorts>27</dataOutputPorts>
      <dataOutputPorts>28</dataOutputPorts>
      <dataOutputPorts>29</dataOutputPorts>
      <dataOutputPorts>30</dataOutputPorts>
      <dataOutputPorts>31</dataOutputPorts>
      <dataOutputPorts>32</dataOutputPorts>
      <dataOutputPorts>33</dataOutputPorts>
      <dataOutputPorts>34</dataOutputPorts>
      <dataOutputPorts>35</dataOutputPorts>
      <dataOutputPorts>36</dataOutputPorts>
      <dataOutputPorts>37</dataOutputPorts>
    </dataPortGroup>
    <interfaceParameterInfo type="ModelRefInfoRepo.InterfaceParameterInfo" uuid="8aef3ccb-140f-4ca1-8f34-eb6ebd4e7611"/>
    <messageInfo type="ModelRefInfoRepo.MessageInformation" uuid="f71bb0d1-8368-4192-aaef-048603c20b33"/>
    <methodInfo type="ModelRefInfoRepo.MethodExistenceInfo" uuid="3213f416-fbba-4447-94ca-2a4492d9f1b1">
      <hasDerivMethod>true</hasDerivMethod>
      <hasDisableMethod>true</hasDisableMethod>
      <hasEnableMethod>true</hasEnableMethod>
      <hasForcingFunctionMethod>true</hasForcingFunctionMethod>
      <hasSystemInitializeMethod>true</hasSystemInitializeMethod>
      <hasSystemResetMethod>true</hasSystemResetMethod>
      <hasTerminateMethod>true</hasTerminateMethod>
      <hasUpdateMethod>true</hasUpdateMethod>
    </methodInfo>
    <periodicEventPortUnsupportedBlockInfo type="ModelRefInfoRepo.PeriodicEventPortUnsupportedBlockInfo" uuid="ba5d32fb-154d-4840-addd-736e57fe4400">
      <multiRateBlocks>SiEngine/Dynamic SI Engine with Turbo</multiRateBlocks>
      <multiRateSubsystems>SiEngineCore/Turbine/Combine Flow and Info Bus/Combine Turbine and Wastegate Flow Ports/Outlet Temperature/Mass Flow Rate Near Zero</multiRateSubsystems>
      <multiRateSubsystems>SiEngineCore/Turbine/Combine Flow and Info Bus/Combine Turbine and Wastegate Flow Ports/Outlet Temperature/Positive Mass Flow Rate</multiRateSubsystems>
    </periodicEventPortUnsupportedBlockInfo>
    <portGroupsRequireSameRate type="ModelRefInfoRepo.PortGroupsRequireSameRate" uuid="2dad0381-99a4-4555-bd20-7413a3f2ce8e">
      <DSMPortGroups type="ModelRefInfoRepo.NameToPortGroupIdxVectMap" uuid="9bad4fc4-0fc1-419b-aafd-6b5eabd3a7aa"/>
      <GlobalDSMPortGroups type="ModelRefInfoRepo.NameToPortGroupIdxVectMap" uuid="2ba2e6a1-ee75-4a95-bb9e-1967663696cf"/>
      <mergedPortGroups type="ModelRefInfoRepo.NameToPortGroupIdxVectMap" uuid="445a730a-de86-4b46-a462-c3f273a8da74"/>
    </portGroupsRequireSameRate>
    <rateSpecOfGlobalDSMAccessedByDescExpFcnMdlMap type="ModelRefInfoRepo.GlobalDSMRateSpecMap" uuid="4f9065e5-750f-4e2b-b5fc-5d4f1b2b0a3b"/>
    <simulinkFunctions type="ModelRefInfoRepo.SimulinkFunctions" uuid="db49d84b-cb63-486f-9912-359fbaca7010">
      <compSimulinkFunctionCatalog></compSimulinkFunctionCatalog>
      <variantSimulinkFunctions type="ModelRefInfoRepo.VariantSimulinkFunctions" uuid="777e4d3a-7ef1-4c9b-a866-d63dd6ba41d8"/>
    </simulinkFunctions>
    <stateWriterToOwnerMap type="ModelRefInfoRepo.StateWriterInfo" uuid="1391e79b-e8c3-4042-a198-eb273c531dae"/>
    <stoClientDataRegistry type="sto.ClientDataRegistry" uuid="d3bd4f35-30b3-49eb-ac68-08aa52633922">
      <dataSets type="sto.ClientClockNamedDataSet" uuid="8aee9903-1760-4ca9-ab76-56c0ba35c609">
        <tag>sltpEvents</tag>
      </dataSets>
      <dataSets type="sto.ClientTaskHierarchyElementNamedDataSet" uuid="509096a5-0f68-4822-808d-9e04b4050e07">
        <tag>sltpTaskGroups</tag>
      </dataSets>
      <dataSets type="sto.ClientTaskHierarchyElementNamedDataSet" uuid="85caf27c-2c84-404f-9852-d14a8f28b39b">
        <dSet type="ModelRefInfoRepo.SltpTaskData" uuid="82d1fb6d-2ec4-4df3-b43a-4b409625d028"/>
        <tSet type="ModelRefInfoRepo.SltpTaskData" uuid="82d1fb6d-2ec4-4df3-b43a-4b409625d028">
          <dataName>Cont</dataName>
          <linkedSet type="sto.ClientTaskHierarchyElementNamedDataSet" uuid="85caf27c-2c84-404f-9852-d14a8f28b39b"/>
          <id type="sto.TaskHierarchyElementId">
            <id>_task0</id>
          </id>
        </tSet>
        <tag>sltpTasks</tag>
      </dataSets>
    </stoClientDataRegistry>
    <varTsUIDMap type="ModelRefInfoRepo.VarTsUIDMap" uuid="98fed77b-bdc2-4fd2-8a07-0c8dfb5f01c9"/>
  </ModelRefInfoRepo.ModelRefInfoRoot>
</MF0>