<?xml version="1.0" encoding="UTF-8"?>
<MF0 version="1.1" packageUris="http://schema.mathworks.com/mf0/ci/19700101 http://schema.mathworks.com/mf0/sl_modelref_info/R2020b http://schema.mathworks.com/mf0/slexec_mm_sto/R2019b_201902271317">
  <ModelRefInfoRepo.ModelRefInfoRoot type="ModelRefInfoRepo.ModelRefInfoRoot" uuid="4c948dca-d3d1-413d-87ab-33ae6fa35a07">
    <autoSolverStatusFlags>13</autoSolverStatusFlags>
    <childModelRefInfo type="ModelRefInfoRepo.ChildModelRefInfo" uuid="9ed6ef15-494c-4fe2-9b56-55be90f04116">
      <modelName>SiEngineCore</modelName>
      <modelPath>SiEngineCore</modelPath>
    </childModelRefInfo>
    <compDerivCacheNeedsReset>false</compDerivCacheNeedsReset>
    <compToGrInputPortMaps type="ModelRefInfoRepo.GrCompIOPortMaps" uuid="d4e92df9-424d-4639-9938-bc8588f727c9">
      <grAndCompPorts>8</grAndCompPorts>
      <grAndCompPorts>8</grAndCompPorts>
    </compToGrInputPortMaps>
    <compToGrInputPortMaps type="ModelRefInfoRepo.GrCompIOPortMaps" uuid="632a48de-9f10-4cc2-93e0-ed88a4b82266">
      <grAndCompPorts>0</grAndCompPorts>
      <grAndCompPorts>0</grAndCompPorts>
    </compToGrInputPortMaps>
    <compToGrInputPortMaps type="ModelRefInfoRepo.GrCompIOPortMaps" uuid="164bbc3a-c4d3-41a8-8751-36745eb0ff4d">
      <grAndCompPorts>1</grAndCompPorts>
      <grAndCompPorts>1</grAndCompPorts>
    </compToGrInputPortMaps>
    <compToGrInputPortMaps type="ModelRefInfoRepo.GrCompIOPortMaps" uuid="07159912-e032-4ea5-b07a-a0bbb5177ce9">
      <grAndCompPorts>2</grAndCompPorts>
      <grAndCompPorts>2</grAndCompPorts>
    </compToGrInputPortMaps>
    <compToGrInputPortMaps type="ModelRefInfoRepo.GrCompIOPortMaps" uuid="a8b61681-09e0-4110-841c-501ebcec5b06">
      <grAndCompPorts>3</grAndCompPorts>
      <grAndCompPorts>3</grAndCompPorts>
    </compToGrInputPortMaps>
    <compToGrInputPortMaps type="ModelRefInfoRepo.GrCompIOPortMaps" uuid="057bd340-865b-4361-9bfa-5ab81cf7b2a7">
      <grAndCompPorts>4</grAndCompPorts>
      <grAndCompPorts>4</grAndCompPorts>
    </compToGrInputPortMaps>
    <compToGrInputPortMaps type="ModelRefInfoRepo.GrCompIOPortMaps" uuid="067c4d2a-3b85-4e5e-9a4a-5aa81e19a4cd">
      <grAndCompPorts>5</grAndCompPorts>
      <grAndCompPorts>5</grAndCompPorts>
    </compToGrInputPortMaps>
    <compToGrInputPortMaps type="ModelRefInfoRepo.GrCompIOPortMaps" uuid="635018e9-42f5-4355-9001-c355ef939caa">
      <grAndCompPorts>6</grAndCompPorts>
      <grAndCompPorts>6</grAndCompPorts>
    </compToGrInputPortMaps>
    <compToGrInputPortMaps type="ModelRefInfoRepo.GrCompIOPortMaps" uuid="e6ff5e7c-3de6-4a2a-910b-f2552e6efea8">
      <grAndCompPorts>7</grAndCompPorts>
      <grAndCompPorts>7</grAndCompPorts>
    </compToGrInputPortMaps>
    <compToGrInputPortMaps type="ModelRefInfoRepo.GrCompIOPortMaps" uuid="d0b78714-3027-4013-bb37-7f026d682eae">
      <grAndCompPorts>9</grAndCompPorts>
      <grAndCompPorts>9</grAndCompPorts>
    </compToGrInputPortMaps>
    <compToGrInputPortMaps type="ModelRefInfoRepo.GrCompIOPortMaps" uuid="a4363fd3-6984-40ba-bd3e-a9b581c496d4">
      <grAndCompPorts>10</grAndCompPorts>
      <grAndCompPorts>10</grAndCompPorts>
    </compToGrInputPortMaps>
    <compToGrInputPortMaps type="ModelRefInfoRepo.GrCompIOPortMaps" uuid="2e58bcd5-dd31-4031-80a8-37978be41965">
      <grAndCompPorts>11</grAndCompPorts>
      <grAndCompPorts>11</grAndCompPorts>
    </compToGrInputPortMaps>
    <compToGrOutputPortMaps type="ModelRefInfoRepo.GrCompIOPortMaps" uuid="6fd54c53-4808-4696-8a7a-14c4a2684cf3">
      <grAndCompPorts>8</grAndCompPorts>
      <grAndCompPorts>8</grAndCompPorts>
    </compToGrOutputPortMaps>
    <compToGrOutputPortMaps type="ModelRefInfoRepo.GrCompIOPortMaps" uuid="160f13d8-04b2-48de-be38-35d9dcc90715">
      <grAndCompPorts>0</grAndCompPorts>
      <grAndCompPorts>0</grAndCompPorts>
    </compToGrOutputPortMaps>
    <compToGrOutputPortMaps type="ModelRefInfoRepo.GrCompIOPortMaps" uuid="b17f3070-76ce-4a28-9b4e-b20e21232804">
      <grAndCompPorts>1</grAndCompPorts>
      <grAndCompPorts>1</grAndCompPorts>
    </compToGrOutputPortMaps>
    <compToGrOutputPortMaps type="ModelRefInfoRepo.GrCompIOPortMaps" uuid="7181cdd9-1346-4d95-8502-fb5e4277df6b">
      <grAndCompPorts>2</grAndCompPorts>
      <grAndCompPorts>2</grAndCompPorts>
    </compToGrOutputPortMaps>
    <compToGrOutputPortMaps type="ModelRefInfoRepo.GrCompIOPortMaps" uuid="d56291a6-f3ef-4833-9fca-97a8f8aba6f6">
      <grAndCompPorts>3</grAndCompPorts>
      <grAndCompPorts>3</grAndCompPorts>
    </compToGrOutputPortMaps>
    <compToGrOutputPortMaps type="ModelRefInfoRepo.GrCompIOPortMaps" uuid="5e438f3a-cb6b-4b8a-8ec2-e0a81fc580ae">
      <grAndCompPorts>4</grAndCompPorts>
      <grAndCompPorts>4</grAndCompPorts>
    </compToGrOutputPortMaps>
    <compToGrOutputPortMaps type="ModelRefInfoRepo.GrCompIOPortMaps" uuid="c4348431-c710-4874-813e-8c519eb8efd2">
      <grAndCompPorts>5</grAndCompPorts>
      <grAndCompPorts>5</grAndCompPorts>
    </compToGrOutputPortMaps>
    <compToGrOutputPortMaps type="ModelRefInfoRepo.GrCompIOPortMaps" uuid="ba26228d-e454-42d1-830b-8138f94fc3a3">
      <grAndCompPorts>6</grAndCompPorts>
      <grAndCompPorts>6</grAndCompPorts>
    </compToGrOutputPortMaps>
    <compToGrOutputPortMaps type="ModelRefInfoRepo.GrCompIOPortMaps" uuid="a3538686-8b7b-44f5-9927-da49ab792f28">
      <grAndCompPorts>7</grAndCompPorts>
      <grAndCompPorts>7</grAndCompPorts>
    </compToGrOutputPortMaps>
    <compToGrOutputPortMaps type="ModelRefInfoRepo.GrCompIOPortMaps" uuid="78fac162-9f97-4e47-87a6-e6ec83f20a00">
      <grAndCompPorts>9</grAndCompPorts>
      <grAndCompPorts>9</grAndCompPorts>
    </compToGrOutputPortMaps>
    <compToGrOutputPortMaps type="ModelRefInfoRepo.GrCompIOPortMaps" uuid="a8d48442-4234-452a-8f03-abc9dd01de42">
      <grAndCompPorts>10</grAndCompPorts>
      <grAndCompPorts>10</grAndCompPorts>
    </compToGrOutputPortMaps>
    <compToGrOutputPortMaps type="ModelRefInfoRepo.GrCompIOPortMaps" uuid="4462ad32-d768-48fc-8b0f-3910dfccf91f">
      <grAndCompPorts>11</grAndCompPorts>
      <grAndCompPorts>11</grAndCompPorts>
    </compToGrOutputPortMaps>
    <compToGrOutputPortMaps type="ModelRefInfoRepo.GrCompIOPortMaps" uuid="e7612b55-6f5b-4948-a937-7645dc97c1b6">
      <grAndCompPorts>12</grAndCompPorts>
      <grAndCompPorts>12</grAndCompPorts>
    </compToGrOutputPortMaps>
    <compToGrOutputPortMaps type="ModelRefInfoRepo.GrCompIOPortMaps" uuid="1beeb3f8-3506-48c2-8ca4-18d624f2c92b">
      <grAndCompPorts>13</grAndCompPorts>
      <grAndCompPorts>13</grAndCompPorts>
    </compToGrOutputPortMaps>
    <compToGrOutputPortMaps type="ModelRefInfoRepo.GrCompIOPortMaps" uuid="b72963f6-0bbd-4649-88c3-bdc5859f0a82">
      <grAndCompPorts>14</grAndCompPorts>
      <grAndCompPorts>14</grAndCompPorts>
    </compToGrOutputPortMaps>
    <compToGrOutputPortMaps type="ModelRefInfoRepo.GrCompIOPortMaps" uuid="bdb4f160-50f7-4291-b167-0d9a7a0650ce">
      <grAndCompPorts>15</grAndCompPorts>
      <grAndCompPorts>15</grAndCompPorts>
    </compToGrOutputPortMaps>
    <compToGrOutputPortMaps type="ModelRefInfoRepo.GrCompIOPortMaps" uuid="c038559a-937e-40ec-9f1f-f1864064a4d8">
      <grAndCompPorts>16</grAndCompPorts>
      <grAndCompPorts>16</grAndCompPorts>
    </compToGrOutputPortMaps>
    <compToGrOutputPortMaps type="ModelRefInfoRepo.GrCompIOPortMaps" uuid="9c1c09b9-5143-42f0-be9c-a0b61e06201b">
      <grAndCompPorts>17</grAndCompPorts>
      <grAndCompPorts>17</grAndCompPorts>
    </compToGrOutputPortMaps>
    <compToGrOutputPortMaps type="ModelRefInfoRepo.GrCompIOPortMaps" uuid="6777193a-6a94-473b-9a59-713b36a0cce9">
      <grAndCompPorts>18</grAndCompPorts>
      <grAndCompPorts>18</grAndCompPorts>
    </compToGrOutputPortMaps>
    <compToGrOutputPortMaps type="ModelRefInfoRepo.GrCompIOPortMaps" uuid="377db50b-a695-452b-b76d-7433d65173a9">
      <grAndCompPorts>19</grAndCompPorts>
      <grAndCompPorts>19</grAndCompPorts>
    </compToGrOutputPortMaps>
    <compToGrOutputPortMaps type="ModelRefInfoRepo.GrCompIOPortMaps" uuid="4fff18b5-7a19-4fad-b659-19233b1f72d1">
      <grAndCompPorts>20</grAndCompPorts>
      <grAndCompPorts>20</grAndCompPorts>
    </compToGrOutputPortMaps>
    <compToGrOutputPortMaps type="ModelRefInfoRepo.GrCompIOPortMaps" uuid="7273d636-0f1d-4554-86ca-f1b3731ff194">
      <grAndCompPorts>21</grAndCompPorts>
      <grAndCompPorts>21</grAndCompPorts>
    </compToGrOutputPortMaps>
    <compToGrOutputPortMaps type="ModelRefInfoRepo.GrCompIOPortMaps" uuid="3e213853-cd74-4298-af47-5c1f15c1ac80">
      <grAndCompPorts>22</grAndCompPorts>
      <grAndCompPorts>22</grAndCompPorts>
    </compToGrOutputPortMaps>
    <compToGrOutputPortMaps type="ModelRefInfoRepo.GrCompIOPortMaps" uuid="d28b4cd5-10d1-4aeb-8730-0a39a29f6154">
      <grAndCompPorts>23</grAndCompPorts>
      <grAndCompPorts>23</grAndCompPorts>
    </compToGrOutputPortMaps>
    <compToGrOutputPortMaps type="ModelRefInfoRepo.GrCompIOPortMaps" uuid="374943e4-f688-4f3b-a117-70e33888cad9">
      <grAndCompPorts>24</grAndCompPorts>
      <grAndCompPorts>24</grAndCompPorts>
    </compToGrOutputPortMaps>
    <compToGrOutputPortMaps type="ModelRefInfoRepo.GrCompIOPortMaps" uuid="61c15861-95a0-432d-b9ac-c63b08b161a5">
      <grAndCompPorts>25</grAndCompPorts>
      <grAndCompPorts>25</grAndCompPorts>
    </compToGrOutputPortMaps>
    <compToGrOutputPortMaps type="ModelRefInfoRepo.GrCompIOPortMaps" uuid="7bfc3802-effe-41c9-8a96-0c284a24800d">
      <grAndCompPorts>26</grAndCompPorts>
      <grAndCompPorts>26</grAndCompPorts>
    </compToGrOutputPortMaps>
    <compZcCacheNeedsReset>true</compZcCacheNeedsReset>
    <dataTransferInfos>AAFJTQAAAAAOAAAAOAAAAAYAAAAIAAAAAgAAAAAAAAAFAAAACAAAAAAAAAABAAAAAQAAAAAAAAAFAAQAAQAAAAEAAAAAAAAA</dataTransferInfos>
    <defaultsCMapping>{&quot;Inports&quot;:&quot;{\&quot;Name\&quot;:\&quot;Default\&quot;,\&quot;Checksum\&quot;:\&quot;Default\&quot;,\&quot;PerInstancePropertiesChecksum\&quot;:\&quot;\&quot;,\&quot;MemorySectionName\&quot;:\&quot;None\&quot;,\&quot;MemorySectionChecksum\&quot;:\&quot;None\&quot;}&quot;,&quot;Outports&quot;:&quot;{\&quot;Name\&quot;:\&quot;Default\&quot;,\&quot;Checksum\&quot;:\&quot;Default\&quot;,\&quot;PerInstancePropertiesChecksum\&quot;:\&quot;\&quot;,\&quot;MemorySectionName\&quot;:\&quot;None\&quot;,\&quot;MemorySectionChecksum\&quot;:\&quot;None\&quot;}&quot;,&quot;ParameterArguments&quot;:&quot;{\&quot;Name\&quot;:\&quot;Default\&quot;,\&quot;Checksum\&quot;:\&quot;Default\&quot;,\&quot;PerInstancePropertiesChecksum\&quot;:\&quot;\&quot;,\&quot;MemorySectionName\&quot;:\&quot;None\&quot;,\&quot;MemorySectionChecksum\&quot;:\&quot;None\&quot;}&quot;,&quot;LocalParameters&quot;:&quot;{\&quot;Name\&quot;:\&quot;Default\&quot;,\&quot;Checksum\&quot;:\&quot;Default\&quot;,\&quot;PerInstancePropertiesChecksum\&quot;:\&quot;\&quot;,\&quot;MemorySectionName\&quot;:\&quot;None\&quot;,\&quot;MemorySectionChecksum\&quot;:\&quot;None\&quot;}&quot;,&quot;GlobalParameters&quot;:&quot;{\&quot;Name\&quot;:\&quot;Default\&quot;,\&quot;Checksum\&quot;:\&quot;Default\&quot;,\&quot;PerInstancePropertiesChecksum\&quot;:\&quot;\&quot;,\&quot;MemorySectionName\&quot;:\&quot;None\&quot;,\&quot;MemorySectionChecksum\&quot;:\&quot;None\&quot;}&quot;,&quot;InternalData&quot;:&quot;{\&quot;Name\&quot;:\&quot;Default\&quot;,\&quot;Checksum\&quot;:\&quot;Default\&quot;,\&quot;PerInstancePropertiesChecksum\&quot;:\&quot;\&quot;,\&quot;MemorySectionName\&quot;:\&quot;None\&quot;,\&quot;MemorySectionChecksum\&quot;:\&quot;None\&quot;}&quot;,&quot;SharedLocalDataStores&quot;:&quot;{\&quot;Name\&quot;:\&quot;Default\&quot;,\&quot;Checksum\&quot;:\&quot;Default\&quot;,\&quot;PerInstancePropertiesChecksum\&quot;:\&quot;\&quot;,\&quot;MemorySectionName\&quot;:\&quot;None\&quot;,\&quot;MemorySectionChecksum\&quot;:\&quot;None\&quot;}&quot;,&quot;GlobalDataStores&quot;:&quot;{\&quot;Name\&quot;:\&quot;Default\&quot;,\&quot;Checksum\&quot;:\&quot;Default\&quot;,\&quot;PerInstancePropertiesChecksum\&quot;:\&quot;\&quot;,\&quot;MemorySectionName\&quot;:\&quot;None\&quot;,\&quot;MemorySectionChecksum\&quot;:\&quot;None\&quot;}&quot;,&quot;Constants&quot;:&quot;{\&quot;Name\&quot;:\&quot;Default\&quot;,\&quot;Checksum\&quot;:\&quot;Default\&quot;,\&quot;PerInstancePropertiesChecksum\&quot;:\&quot;\&quot;,\&quot;MemorySectionName\&quot;:\&quot;None\&quot;,\&quot;MemorySectionChecksum\&quot;:\&quot;None\&quot;}&quot;,&quot;DataTransfers&quot;:&quot;{\&quot;Name\&quot;:\&quot;Default\&quot;,\&quot;Checksum\&quot;:\&quot;Default\&quot;,\&quot;PerInstancePropertiesChecksum\&quot;:\&quot;\&quot;,\&quot;MemorySectionName\&quot;:\&quot;None\&quot;,\&quot;MemorySectionChecksum\&quot;:\&quot;None\&quot;}&quot;,&quot;ModelData&quot;:&quot;{\&quot;Name\&quot;:\&quot;Default\&quot;,\&quot;Checksum\&quot;:\&quot;Default\&quot;,\&quot;PerInstancePropertiesChecksum\&quot;:\&quot;\&quot;,\&quot;MemorySectionName\&quot;:\&quot;None\&quot;,\&quot;MemorySectionChecksum\&quot;:\&quot;None\&quot;}&quot;,&quot;InitializeTerminate&quot;:&quot;{\&quot;Name\&quot;:\&quot;Default\&quot;,\&quot;Checksum\&quot;:\&quot;Default\&quot;,\&quot;PerInstancePropertiesChecksum\&quot;:\&quot;\&quot;,\&quot;MemorySectionName\&quot;:\&quot;None\&quot;,\&quot;MemorySectionChecksum\&quot;:\&quot;None\&quot;}&quot;,&quot;Execution&quot;:&quot;{\&quot;Name\&quot;:\&quot;Default\&quot;,\&quot;Checksum\&quot;:\&quot;Default\&quot;,\&quot;PerInstancePropertiesChecksum\&quot;:\&quot;\&quot;,\&quot;MemorySectionName\&quot;:\&quot;None\&quot;,\&quot;MemorySectionChecksum\&quot;:\&quot;None\&quot;}&quot;,&quot;SharedUtility&quot;:&quot;{\&quot;Name\&quot;:\&quot;Default\&quot;,\&quot;Checksum\&quot;:\&quot;Default\&quot;,\&quot;PerInstancePropertiesChecksum\&quot;:\&quot;\&quot;,\&quot;MemorySectionName\&quot;:\&quot;None\&quot;,\&quot;MemorySectionChecksum\&quot;:\&quot;None\&quot;}&quot;}</defaultsCMapping>
    <grToCompInputPortsMaps type="ModelRefInfoRepo.GrCompIOPortMaps" uuid="3995cc03-9fd4-42f9-ad71-ef73f96ae1b6">
      <grAndCompPorts>8</grAndCompPorts>
      <grAndCompPorts>8</grAndCompPorts>
    </grToCompInputPortsMaps>
    <grToCompInputPortsMaps type="ModelRefInfoRepo.GrCompIOPortMaps" uuid="2247ebf7-a871-4a0a-a90a-ca2179b7870c">
      <grAndCompPorts>0</grAndCompPorts>
      <grAndCompPorts>0</grAndCompPorts>
    </grToCompInputPortsMaps>
    <grToCompInputPortsMaps type="ModelRefInfoRepo.GrCompIOPortMaps" uuid="d4fe9669-9713-43f1-a766-ca3bde86cc22">
      <grAndCompPorts>1</grAndCompPorts>
      <grAndCompPorts>1</grAndCompPorts>
    </grToCompInputPortsMaps>
    <grToCompInputPortsMaps type="ModelRefInfoRepo.GrCompIOPortMaps" uuid="c7ca29a6-02c8-4e55-a415-b81cf9b4da57">
      <grAndCompPorts>2</grAndCompPorts>
      <grAndCompPorts>2</grAndCompPorts>
    </grToCompInputPortsMaps>
    <grToCompInputPortsMaps type="ModelRefInfoRepo.GrCompIOPortMaps" uuid="4191b469-3727-4224-9caf-b8f156357428">
      <grAndCompPorts>3</grAndCompPorts>
      <grAndCompPorts>3</grAndCompPorts>
    </grToCompInputPortsMaps>
    <grToCompInputPortsMaps type="ModelRefInfoRepo.GrCompIOPortMaps" uuid="8f534223-c1b0-44c5-b1ed-aff72b564e47">
      <grAndCompPorts>4</grAndCompPorts>
      <grAndCompPorts>4</grAndCompPorts>
    </grToCompInputPortsMaps>
    <grToCompInputPortsMaps type="ModelRefInfoRepo.GrCompIOPortMaps" uuid="5c36f6e0-ad51-40f4-a82e-bfa8a1616c17">
      <grAndCompPorts>5</grAndCompPorts>
      <grAndCompPorts>5</grAndCompPorts>
    </grToCompInputPortsMaps>
    <grToCompInputPortsMaps type="ModelRefInfoRepo.GrCompIOPortMaps" uuid="d62a194c-feba-4442-b5d2-6d5765073ecf">
      <grAndCompPorts>6</grAndCompPorts>
      <grAndCompPorts>6</grAndCompPorts>
    </grToCompInputPortsMaps>
    <grToCompInputPortsMaps type="ModelRefInfoRepo.GrCompIOPortMaps" uuid="623be3a0-9b6b-4799-a322-ee60876e005f">
      <grAndCompPorts>7</grAndCompPorts>
      <grAndCompPorts>7</grAndCompPorts>
    </grToCompInputPortsMaps>
    <grToCompInputPortsMaps type="ModelRefInfoRepo.GrCompIOPortMaps" uuid="9815b6e4-e291-4a0f-b9a3-280aa2e1c6eb">
      <grAndCompPorts>9</grAndCompPorts>
      <grAndCompPorts>9</grAndCompPorts>
    </grToCompInputPortsMaps>
    <grToCompInputPortsMaps type="ModelRefInfoRepo.GrCompIOPortMaps" uuid="d911e295-eaa1-4579-828c-3b6ec471d2d8">
      <grAndCompPorts>10</grAndCompPorts>
      <grAndCompPorts>10</grAndCompPorts>
    </grToCompInputPortsMaps>
    <grToCompInputPortsMaps type="ModelRefInfoRepo.GrCompIOPortMaps" uuid="20f1cae2-3fe5-430d-9fc9-2736cacf929d">
      <grAndCompPorts>11</grAndCompPorts>
      <grAndCompPorts>11</grAndCompPorts>
    </grToCompInputPortsMaps>
    <grToCompOutputPortsMaps type="ModelRefInfoRepo.GrCompIOPortMaps" uuid="9e9dde27-8397-4128-b180-e798fdd31b95">
      <grAndCompPorts>8</grAndCompPorts>
      <grAndCompPorts>8</grAndCompPorts>
    </grToCompOutputPortsMaps>
    <grToCompOutputPortsMaps type="ModelRefInfoRepo.GrCompIOPortMaps" uuid="209b63b8-6ad7-4c4a-8032-5ce92421c4d5">
      <grAndCompPorts>0</grAndCompPorts>
      <grAndCompPorts>0</grAndCompPorts>
    </grToCompOutputPortsMaps>
    <grToCompOutputPortsMaps type="ModelRefInfoRepo.GrCompIOPortMaps" uuid="ca537c19-0076-4ae1-8487-36288ddd1f30">
      <grAndCompPorts>1</grAndCompPorts>
      <grAndCompPorts>1</grAndCompPorts>
    </grToCompOutputPortsMaps>
    <grToCompOutputPortsMaps type="ModelRefInfoRepo.GrCompIOPortMaps" uuid="5f5f7ae7-1ac9-4656-91f8-530da7c8b1c7">
      <grAndCompPorts>2</grAndCompPorts>
      <grAndCompPorts>2</grAndCompPorts>
    </grToCompOutputPortsMaps>
    <grToCompOutputPortsMaps type="ModelRefInfoRepo.GrCompIOPortMaps" uuid="2a02f686-3390-4d1c-904b-ef3bb916c285">
      <grAndCompPorts>3</grAndCompPorts>
      <grAndCompPorts>3</grAndCompPorts>
    </grToCompOutputPortsMaps>
    <grToCompOutputPortsMaps type="ModelRefInfoRepo.GrCompIOPortMaps" uuid="23563db3-fbe8-48fa-9ed8-0bb20187f8e6">
      <grAndCompPorts>4</grAndCompPorts>
      <grAndCompPorts>4</grAndCompPorts>
    </grToCompOutputPortsMaps>
    <grToCompOutputPortsMaps type="ModelRefInfoRepo.GrCompIOPortMaps" uuid="9cb37f4a-8394-4c4b-895c-dabab2f596d2">
      <grAndCompPorts>5</grAndCompPorts>
      <grAndCompPorts>5</grAndCompPorts>
    </grToCompOutputPortsMaps>
    <grToCompOutputPortsMaps type="ModelRefInfoRepo.GrCompIOPortMaps" uuid="a530d1b7-31bf-4457-859d-0d4a4b579b33">
      <grAndCompPorts>6</grAndCompPorts>
      <grAndCompPorts>6</grAndCompPorts>
    </grToCompOutputPortsMaps>
    <grToCompOutputPortsMaps type="ModelRefInfoRepo.GrCompIOPortMaps" uuid="efa5b761-a7dd-4b52-b35a-359fa976a632">
      <grAndCompPorts>7</grAndCompPorts>
      <grAndCompPorts>7</grAndCompPorts>
    </grToCompOutputPortsMaps>
    <grToCompOutputPortsMaps type="ModelRefInfoRepo.GrCompIOPortMaps" uuid="944544a1-ea8e-4ae1-8db9-33206fb01b9b">
      <grAndCompPorts>9</grAndCompPorts>
      <grAndCompPorts>9</grAndCompPorts>
    </grToCompOutputPortsMaps>
    <grToCompOutputPortsMaps type="ModelRefInfoRepo.GrCompIOPortMaps" uuid="94d485e3-2f06-4931-8245-aa6f72f4d26c">
      <grAndCompPorts>10</grAndCompPorts>
      <grAndCompPorts>10</grAndCompPorts>
    </grToCompOutputPortsMaps>
    <grToCompOutputPortsMaps type="ModelRefInfoRepo.GrCompIOPortMaps" uuid="dfa4d773-6395-4ceb-b8e1-3b1c3cfa6ec0">
      <grAndCompPorts>11</grAndCompPorts>
      <grAndCompPorts>11</grAndCompPorts>
    </grToCompOutputPortsMaps>
    <grToCompOutputPortsMaps type="ModelRefInfoRepo.GrCompIOPortMaps" uuid="ecf8bffa-9b57-40b5-945d-17804a851d14">
      <grAndCompPorts>12</grAndCompPorts>
      <grAndCompPorts>12</grAndCompPorts>
    </grToCompOutputPortsMaps>
    <grToCompOutputPortsMaps type="ModelRefInfoRepo.GrCompIOPortMaps" uuid="461ad6c0-b92c-4ed7-86a2-809e89813101">
      <grAndCompPorts>13</grAndCompPorts>
      <grAndCompPorts>13</grAndCompPorts>
    </grToCompOutputPortsMaps>
    <grToCompOutputPortsMaps type="ModelRefInfoRepo.GrCompIOPortMaps" uuid="e145b779-de2e-466d-a69a-b1d18cea5247">
      <grAndCompPorts>14</grAndCompPorts>
      <grAndCompPorts>14</grAndCompPorts>
    </grToCompOutputPortsMaps>
    <grToCompOutputPortsMaps type="ModelRefInfoRepo.GrCompIOPortMaps" uuid="eaf6ae2b-71aa-437d-afaf-eae3a5e1fab1">
      <grAndCompPorts>15</grAndCompPorts>
      <grAndCompPorts>15</grAndCompPorts>
    </grToCompOutputPortsMaps>
    <grToCompOutputPortsMaps type="ModelRefInfoRepo.GrCompIOPortMaps" uuid="9faf0c0c-ca59-4e49-bf17-43c1781d6508">
      <grAndCompPorts>16</grAndCompPorts>
      <grAndCompPorts>16</grAndCompPorts>
    </grToCompOutputPortsMaps>
    <grToCompOutputPortsMaps type="ModelRefInfoRepo.GrCompIOPortMaps" uuid="39d24b58-be68-4615-9bf5-b4d4e4267c9c">
      <grAndCompPorts>17</grAndCompPorts>
      <grAndCompPorts>17</grAndCompPorts>
    </grToCompOutputPortsMaps>
    <grToCompOutputPortsMaps type="ModelRefInfoRepo.GrCompIOPortMaps" uuid="a1b86cb9-0e09-4860-bcc4-80870be3c754">
      <grAndCompPorts>18</grAndCompPorts>
      <grAndCompPorts>18</grAndCompPorts>
    </grToCompOutputPortsMaps>
    <grToCompOutputPortsMaps type="ModelRefInfoRepo.GrCompIOPortMaps" uuid="09fd6d1d-f96e-46ad-996f-3b5006423c67">
      <grAndCompPorts>19</grAndCompPorts>
      <grAndCompPorts>19</grAndCompPorts>
    </grToCompOutputPortsMaps>
    <grToCompOutputPortsMaps type="ModelRefInfoRepo.GrCompIOPortMaps" uuid="f3d186e8-fde0-4986-88f3-d31a05d2acde">
      <grAndCompPorts>20</grAndCompPorts>
      <grAndCompPorts>20</grAndCompPorts>
    </grToCompOutputPortsMaps>
    <grToCompOutputPortsMaps type="ModelRefInfoRepo.GrCompIOPortMaps" uuid="6d11ddb3-167f-4b5d-888e-915625f70753">
      <grAndCompPorts>21</grAndCompPorts>
      <grAndCompPorts>21</grAndCompPorts>
    </grToCompOutputPortsMaps>
    <grToCompOutputPortsMaps type="ModelRefInfoRepo.GrCompIOPortMaps" uuid="47dc9565-ba68-4968-ba04-e3742f6fa5de">
      <grAndCompPorts>22</grAndCompPorts>
      <grAndCompPorts>22</grAndCompPorts>
    </grToCompOutputPortsMaps>
    <grToCompOutputPortsMaps type="ModelRefInfoRepo.GrCompIOPortMaps" uuid="b2ae58ab-6289-405d-b26e-e095f62b2ea1">
      <grAndCompPorts>23</grAndCompPorts>
      <grAndCompPorts>23</grAndCompPorts>
    </grToCompOutputPortsMaps>
    <grToCompOutputPortsMaps type="ModelRefInfoRepo.GrCompIOPortMaps" uuid="f94c0aef-9c1c-48ab-a070-9412946c634f">
      <grAndCompPorts>24</grAndCompPorts>
      <grAndCompPorts>24</grAndCompPorts>
    </grToCompOutputPortsMaps>
    <grToCompOutputPortsMaps type="ModelRefInfoRepo.GrCompIOPortMaps" uuid="253fb557-877f-4da2-b596-9afacd70ee41">
      <grAndCompPorts>25</grAndCompPorts>
      <grAndCompPorts>25</grAndCompPorts>
    </grToCompOutputPortsMaps>
    <grToCompOutputPortsMaps type="ModelRefInfoRepo.GrCompIOPortMaps" uuid="6f58f9d8-6e74-4860-b0c6-054c9483dee5">
      <grAndCompPorts>26</grAndCompPorts>
      <grAndCompPorts>26</grAndCompPorts>
    </grToCompOutputPortsMaps>
    <hasBlockUsingZOHContinuousSampleTime>true</hasBlockUsingZOHContinuousSampleTime>
    <hasBwsAccessed>true</hasBwsAccessed>
    <hasBwsAccessedByAnyModel>true</hasBwsAccessedByAnyModel>
    <hasConstantOutput>false</hasConstantOutput>
    <hasContinuousSampleTime>true</hasContinuousSampleTime>
    <hasInternalModelWideEventTs>true</hasInternalModelWideEventTs>
    <hasModelWideEventTs>true</hasModelWideEventTs>
    <hasNonVirtualConstantTs>true</hasNonVirtualConstantTs>
    <hasNonVirtualParameterChangeEvents>true</hasNonVirtualParameterChangeEvents>
    <hasVariantModelOrSubsystem>true</hasVariantModelOrSubsystem>
    <inports type="ModelRefInfoRepo.InportInformation" uuid="d3da1ea4-58c5-42a9-83fc-655a093aafa1">
      <isUsedForContZcSignal>true</isUsedForContZcSignal>
      <designMax>Inf</designMax>
      <designMin>-Inf</designMin>
      <indexType>2</indexType>
      <rateInfo type="ModelRefInfoRepo.RateInfo">
        <compiled>true</compiled>
        <period>0.0</period>
        <priority>40</priority>
        <rateIdx>0</rateIdx>
      </rateInfo>
      <resolvedSignalObject></resolvedSignalObject>
      <sigNameToEMVCEMap type="ModelRefInfoRepo.SigNameEMVCEInfo" uuid="dff6fc31-2241-4730-b76c-af4df6b639cc"/>
    </inports>
    <inports type="ModelRefInfoRepo.InportInformation" uuid="44f9a596-1dd6-4d1d-b1ae-0f807bc42fc4">
      <isUsedForContZcSignal>true</isUsedForContZcSignal>
      <designMax>Inf</designMax>
      <designMin>-Inf</designMin>
      <indexType>2</indexType>
      <originalPortNumber>1</originalPortNumber>
      <rateInfo type="ModelRefInfoRepo.RateInfo">
        <compiled>true</compiled>
        <period>0.0</period>
        <priority>40</priority>
        <rateIdx>0</rateIdx>
      </rateInfo>
      <resolvedSignalObject></resolvedSignalObject>
      <sigNameToEMVCEMap type="ModelRefInfoRepo.SigNameEMVCEInfo" uuid="584a133d-f1eb-4bfb-ab5b-2e17d18b2f38"/>
    </inports>
    <inports type="ModelRefInfoRepo.InportInformation" uuid="78ca7668-e23e-4fe9-96a3-844850957dcd">
      <isUsedForContZcSignal>true</isUsedForContZcSignal>
      <designMax>Inf</designMax>
      <designMin>-Inf</designMin>
      <indexType>2</indexType>
      <originalPortNumber>2</originalPortNumber>
      <rateInfo type="ModelRefInfoRepo.RateInfo">
        <compiled>true</compiled>
        <period>0.0</period>
        <priority>40</priority>
        <rateIdx>0</rateIdx>
      </rateInfo>
      <resolvedSignalObject></resolvedSignalObject>
      <sigNameToEMVCEMap type="ModelRefInfoRepo.SigNameEMVCEInfo" uuid="75a8ff53-e217-41b4-b569-4ecf3c794f88"/>
    </inports>
    <inports type="ModelRefInfoRepo.InportInformation" uuid="6fd7dc6f-cc4e-4b9c-aea3-efce1cb3b1ec">
      <isUsedForContZcSignal>true</isUsedForContZcSignal>
      <designMax>Inf</designMax>
      <designMin>-Inf</designMin>
      <indexType>2</indexType>
      <originalPortNumber>3</originalPortNumber>
      <rateInfo type="ModelRefInfoRepo.RateInfo">
        <compiled>true</compiled>
        <period>0.0</period>
        <priority>40</priority>
        <rateIdx>0</rateIdx>
      </rateInfo>
      <resolvedSignalObject></resolvedSignalObject>
      <sigNameToEMVCEMap type="ModelRefInfoRepo.SigNameEMVCEInfo" uuid="cd32c1a0-8749-4de9-b045-a09593440927"/>
    </inports>
    <inports type="ModelRefInfoRepo.InportInformation" uuid="1cb67387-7946-40b7-be73-72d60b0276cb">
      <isUsedForContZcSignal>true</isUsedForContZcSignal>
      <designMax>Inf</designMax>
      <designMin>-Inf</designMin>
      <indexType>2</indexType>
      <originalPortNumber>4</originalPortNumber>
      <rateInfo type="ModelRefInfoRepo.RateInfo">
        <compiled>true</compiled>
        <period>0.0</period>
        <priority>40</priority>
        <rateIdx>0</rateIdx>
      </rateInfo>
      <resolvedSignalObject></resolvedSignalObject>
      <sigNameToEMVCEMap type="ModelRefInfoRepo.SigNameEMVCEInfo" uuid="a012ce55-9623-4f60-9872-d60cfa541842"/>
    </inports>
    <inports type="ModelRefInfoRepo.InportInformation" uuid="95deef22-54d9-43d7-b3d4-10ee78dd46ec">
      <isUsedForContZcSignal>true</isUsedForContZcSignal>
      <designMax>Inf</designMax>
      <designMin>-Inf</designMin>
      <indexType>2</indexType>
      <originalPortNumber>5</originalPortNumber>
      <rateInfo type="ModelRefInfoRepo.RateInfo">
        <compiled>true</compiled>
        <period>0.0</period>
        <priority>40</priority>
        <rateIdx>0</rateIdx>
      </rateInfo>
      <resolvedSignalObject></resolvedSignalObject>
      <sigNameToEMVCEMap type="ModelRefInfoRepo.SigNameEMVCEInfo" uuid="2f756b14-beb5-43d6-a32b-04591f11748b"/>
    </inports>
    <inports type="ModelRefInfoRepo.InportInformation" uuid="445e050d-42f8-49eb-be0d-87be2db276f9">
      <isUsedForContZcSignal>true</isUsedForContZcSignal>
      <designMax>Inf</designMax>
      <designMin>-Inf</designMin>
      <indexType>2</indexType>
      <originalPortNumber>6</originalPortNumber>
      <rateInfo type="ModelRefInfoRepo.RateInfo">
        <compiled>true</compiled>
        <period>0.0</period>
        <priority>40</priority>
        <rateIdx>0</rateIdx>
      </rateInfo>
      <resolvedSignalObject></resolvedSignalObject>
      <sigNameToEMVCEMap type="ModelRefInfoRepo.SigNameEMVCEInfo" uuid="fe0ad029-1897-47ad-a794-6f2fbaebb024"/>
    </inports>
    <inports type="ModelRefInfoRepo.InportInformation" uuid="2039411b-c2d0-4988-a88f-be39ddb9aeee">
      <isUsedForContZcSignal>true</isUsedForContZcSignal>
      <designMax>Inf</designMax>
      <designMin>-Inf</designMin>
      <indexType>2</indexType>
      <originalPortNumber>7</originalPortNumber>
      <rateInfo type="ModelRefInfoRepo.RateInfo">
        <compiled>true</compiled>
        <period>0.0</period>
        <priority>40</priority>
        <rateIdx>0</rateIdx>
      </rateInfo>
      <resolvedSignalObject></resolvedSignalObject>
      <sigNameToEMVCEMap type="ModelRefInfoRepo.SigNameEMVCEInfo" uuid="d1ca07ca-3fba-4572-b801-0eaf6386812c"/>
    </inports>
    <inports type="ModelRefInfoRepo.InportInformation" uuid="65880e80-6222-4f63-ac11-fbc810110001">
      <isUsedForContZcSignal>true</isUsedForContZcSignal>
      <designMax>Inf</designMax>
      <designMin>-Inf</designMin>
      <indexType>2</indexType>
      <originalPortNumber>8</originalPortNumber>
      <rateInfo type="ModelRefInfoRepo.RateInfo">
        <compiled>true</compiled>
        <period>0.0</period>
        <priority>40</priority>
        <rateIdx>0</rateIdx>
      </rateInfo>
      <resolvedSignalObject></resolvedSignalObject>
      <sigNameToEMVCEMap type="ModelRefInfoRepo.SigNameEMVCEInfo" uuid="0d1e1945-d0a2-4b9c-8855-4617b6e81d3b"/>
    </inports>
    <inports type="ModelRefInfoRepo.InportInformation" uuid="a1fc29d0-0123-4d73-9115-83da9525b599">
      <isUsedForContZcSignal>true</isUsedForContZcSignal>
      <designMax>Inf</designMax>
      <designMin>-Inf</designMin>
      <indexType>2</indexType>
      <originalPortNumber>9</originalPortNumber>
      <rateInfo type="ModelRefInfoRepo.RateInfo">
        <compiled>true</compiled>
        <period>0.0</period>
        <priority>40</priority>
        <rateIdx>0</rateIdx>
      </rateInfo>
      <resolvedSignalObject></resolvedSignalObject>
      <sigNameToEMVCEMap type="ModelRefInfoRepo.SigNameEMVCEInfo" uuid="6ea641b6-199e-4f21-8b2e-5cd6791c88b8"/>
    </inports>
    <inports type="ModelRefInfoRepo.InportInformation" uuid="5fa5976b-1268-4882-8d17-c04a88f19214">
      <isUsedForContZcSignal>true</isUsedForContZcSignal>
      <designMax>Inf</designMax>
      <designMin>-Inf</designMin>
      <indexType>2</indexType>
      <originalPortNumber>10</originalPortNumber>
      <rateInfo type="ModelRefInfoRepo.RateInfo">
        <compiled>true</compiled>
        <period>0.0</period>
        <priority>40</priority>
        <rateIdx>0</rateIdx>
      </rateInfo>
      <resolvedSignalObject></resolvedSignalObject>
      <sigNameToEMVCEMap type="ModelRefInfoRepo.SigNameEMVCEInfo" uuid="876b1c1c-2ac4-4d5d-9f51-2ee73dd4b930"/>
    </inports>
    <inports type="ModelRefInfoRepo.InportInformation" uuid="3e434cb5-d0ce-4967-941c-9023250a2aed">
      <isUsedForContZcSignal>true</isUsedForContZcSignal>
      <designMax>Inf</designMax>
      <designMin>-Inf</designMin>
      <indexType>2</indexType>
      <originalPortNumber>11</originalPortNumber>
      <rateInfo type="ModelRefInfoRepo.RateInfo">
        <compiled>true</compiled>
        <period>0.0</period>
        <priority>40</priority>
        <rateIdx>0</rateIdx>
      </rateInfo>
      <resolvedSignalObject></resolvedSignalObject>
      <sigNameToEMVCEMap type="ModelRefInfoRepo.SigNameEMVCEInfo" uuid="66d7f9ec-4988-4d05-9470-b814ef7dfdcf"/>
    </inports>
    <isAperiodicRootFcnCallSystem>false</isAperiodicRootFcnCallSystem>
    <isOrigInportVirtualBus>false</isOrigInportVirtualBus>
    <isOrigInportVirtualBus>false</isOrigInportVirtualBus>
    <isOrigInportVirtualBus>false</isOrigInportVirtualBus>
    <isOrigInportVirtualBus>false</isOrigInportVirtualBus>
    <isOrigInportVirtualBus>false</isOrigInportVirtualBus>
    <isOrigInportVirtualBus>false</isOrigInportVirtualBus>
    <isOrigInportVirtualBus>false</isOrigInportVirtualBus>
    <isOrigInportVirtualBus>false</isOrigInportVirtualBus>
    <isOrigInportVirtualBus>false</isOrigInportVirtualBus>
    <isOrigInportVirtualBus>false</isOrigInportVirtualBus>
    <isOrigInportVirtualBus>false</isOrigInportVirtualBus>
    <isOrigInportVirtualBus>false</isOrigInportVirtualBus>
    <isOrigOutportVirtualBus>false</isOrigOutportVirtualBus>
    <isOrigOutportVirtualBus>false</isOrigOutportVirtualBus>
    <isOrigOutportVirtualBus>false</isOrigOutportVirtualBus>
    <isOrigOutportVirtualBus>false</isOrigOutportVirtualBus>
    <isOrigOutportVirtualBus>false</isOrigOutportVirtualBus>
    <isOrigOutportVirtualBus>false</isOrigOutportVirtualBus>
    <isOrigOutportVirtualBus>false</isOrigOutportVirtualBus>
    <isOrigOutportVirtualBus>false</isOrigOutportVirtualBus>
    <isOrigOutportVirtualBus>false</isOrigOutportVirtualBus>
    <isOrigOutportVirtualBus>false</isOrigOutportVirtualBus>
    <isOrigOutportVirtualBus>false</isOrigOutportVirtualBus>
    <isOrigOutportVirtualBus>false</isOrigOutportVirtualBus>
    <isOrigOutportVirtualBus>false</isOrigOutportVirtualBus>
    <isOrigOutportVirtualBus>false</isOrigOutportVirtualBus>
    <isOrigOutportVirtualBus>false</isOrigOutportVirtualBus>
    <isOrigOutportVirtualBus>false</isOrigOutportVirtualBus>
    <isOrigOutportVirtualBus>false</isOrigOutportVirtualBus>
    <isOrigOutportVirtualBus>false</isOrigOutportVirtualBus>
    <isOrigOutportVirtualBus>false</isOrigOutportVirtualBus>
    <isOrigOutportVirtualBus>false</isOrigOutportVirtualBus>
    <isOrigOutportVirtualBus>false</isOrigOutportVirtualBus>
    <isOrigOutportVirtualBus>false</isOrigOutportVirtualBus>
    <isOrigOutportVirtualBus>false</isOrigOutportVirtualBus>
    <isOrigOutportVirtualBus>false</isOrigOutportVirtualBus>
    <isOrigOutportVirtualBus>false</isOrigOutportVirtualBus>
    <isOrigOutportVirtualBus>false</isOrigOutportVirtualBus>
    <isOrigOutportVirtualBus>false</isOrigOutportVirtualBus>
    <isPreCompSingleRate>false</isPreCompSingleRate>
    <isRefModelConstant>false</isRefModelConstant>
    <isRootFcnCallPortGroupsEmpty>true</isRootFcnCallPortGroupsEmpty>
    <loggingSaveFormat>2</loggingSaveFormat>
    <massMatrixNzMax>44</massMatrixNzMax>
    <maxFreqHz>-1.0</maxFreqHz>
    <multiThreadingBlockers>Continuous sample time #MTCSBlocker_ContTS</multiThreadingBlockers>
    <multiThreadingBlockers>Direct feedthrough #MTCSBlocker_DF</multiThreadingBlockers>
    <multiThreadingBlockers>RUNTIME_THREAD_SAFETY_COMPLIANCE_TRUE not declared #MTCSBlocker_RTThrSafe</multiThreadingBlockers>
    <numCStateRecs>19</numCStateRecs>
    <numContinuousStates>44</numContinuousStates>
    <numDataInputPorts>12</numDataInputPorts>
    <numLoggableCStateRecs>19</numLoggableCStateRecs>
    <numModelWideEventTs>1</numModelWideEventTs>
    <numPortlessSimulinkFunctionPortGroups>0</numPortlessSimulinkFunctionPortGroups>
    <numRuntimeExportedRates>2</numRuntimeExportedRates>
    <numTs>3</numTs>
    <origInportBusType></origInportBusType>
    <origInportBusType></origInportBusType>
    <origInportBusType></origInportBusType>
    <origInportBusType></origInportBusType>
    <origInportBusType></origInportBusType>
    <origInportBusType></origInportBusType>
    <origInportBusType></origInportBusType>
    <origInportBusType></origInportBusType>
    <origInportBusType></origInportBusType>
    <origInportBusType></origInportBusType>
    <origInportBusType></origInportBusType>
    <origInportBusType></origInportBusType>
    <origOutportBusOutputAsStruct>false</origOutportBusOutputAsStruct>
    <origOutportBusOutputAsStruct>false</origOutportBusOutputAsStruct>
    <origOutportBusOutputAsStruct>false</origOutportBusOutputAsStruct>
    <origOutportBusOutputAsStruct>false</origOutportBusOutputAsStruct>
    <origOutportBusOutputAsStruct>false</origOutportBusOutputAsStruct>
    <origOutportBusOutputAsStruct>false</origOutportBusOutputAsStruct>
    <origOutportBusOutputAsStruct>false</origOutportBusOutputAsStruct>
    <origOutportBusOutputAsStruct>false</origOutportBusOutputAsStruct>
    <origOutportBusOutputAsStruct>false</origOutportBusOutputAsStruct>
    <origOutportBusOutputAsStruct>false</origOutportBusOutputAsStruct>
    <origOutportBusOutputAsStruct>false</origOutportBusOutputAsStruct>
    <origOutportBusOutputAsStruct>false</origOutportBusOutputAsStruct>
    <origOutportBusOutputAsStruct>false</origOutportBusOutputAsStruct>
    <origOutportBusOutputAsStruct>false</origOutportBusOutputAsStruct>
    <origOutportBusOutputAsStruct>false</origOutportBusOutputAsStruct>
    <origOutportBusOutputAsStruct>false</origOutportBusOutputAsStruct>
    <origOutportBusOutputAsStruct>false</origOutportBusOutputAsStruct>
    <origOutportBusOutputAsStruct>false</origOutportBusOutputAsStruct>
    <origOutportBusOutputAsStruct>false</origOutportBusOutputAsStruct>
    <origOutportBusOutputAsStruct>false</origOutportBusOutputAsStruct>
    <origOutportBusOutputAsStruct>false</origOutportBusOutputAsStruct>
    <origOutportBusOutputAsStruct>false</origOutportBusOutputAsStruct>
    <origOutportBusOutputAsStruct>false</origOutportBusOutputAsStruct>
    <origOutportBusOutputAsStruct>false</origOutportBusOutputAsStruct>
    <origOutportBusOutputAsStruct>false</origOutportBusOutputAsStruct>
    <origOutportBusOutputAsStruct>false</origOutportBusOutputAsStruct>
    <origOutportBusOutputAsStruct>false</origOutportBusOutputAsStruct>
    <origOutportBusType></origOutportBusType>
    <origOutportBusType></origOutportBusType>
    <origOutportBusType></origOutportBusType>
    <origOutportBusType></origOutportBusType>
    <origOutportBusType></origOutportBusType>
    <origOutportBusType></origOutportBusType>
    <origOutportBusType></origOutportBusType>
    <origOutportBusType></origOutportBusType>
    <origOutportBusType></origOutportBusType>
    <origOutportBusType></origOutportBusType>
    <origOutportBusType></origOutportBusType>
    <origOutportBusType></origOutportBusType>
    <origOutportBusType></origOutportBusType>
    <origOutportBusType></origOutportBusType>
    <origOutportBusType></origOutportBusType>
    <origOutportBusType></origOutportBusType>
    <origOutportBusType></origOutportBusType>
    <origOutportBusType></origOutportBusType>
    <origOutportBusType></origOutportBusType>
    <origOutportBusType></origOutportBusType>
    <origOutportBusType></origOutportBusType>
    <origOutportBusType></origOutportBusType>
    <origOutportBusType></origOutportBusType>
    <origOutportBusType></origOutportBusType>
    <origOutportBusType></origOutportBusType>
    <origOutportBusType></origOutportBusType>
    <origOutportBusType></origOutportBusType>
    <outports type="ModelRefInfoRepo.OutportInformation" uuid="dba28eb7-389e-440a-b9bf-8c61d48c5166">
      <okToMerge>2</okToMerge>
      <designMax>Inf</designMax>
      <designMin>-Inf</designMin>
      <indexType>2</indexType>
      <rateInfo type="ModelRefInfoRepo.RateInfo">
        <compiled>true</compiled>
        <period>0.0</period>
        <priority>40</priority>
        <rateIdx>0</rateIdx>
      </rateInfo>
      <resolvedSignalObject></resolvedSignalObject>
      <sigNameToEMVCEMap type="ModelRefInfoRepo.SigNameEMVCEInfo" uuid="828091e1-7f22-4012-918a-70a672be5922"/>
    </outports>
    <outports type="ModelRefInfoRepo.OutportInformation" uuid="6541a585-bc73-4789-a99b-e61840a63a25">
      <okToMerge>2</okToMerge>
      <designMax>Inf</designMax>
      <designMin>-Inf</designMin>
      <indexType>2</indexType>
      <originalPortNumber>1</originalPortNumber>
      <rateInfo type="ModelRefInfoRepo.RateInfo">
        <compiled>true</compiled>
        <period>0.0</period>
        <priority>40</priority>
        <rateIdx>0</rateIdx>
      </rateInfo>
      <resolvedSignalObject></resolvedSignalObject>
      <sigNameToEMVCEMap type="ModelRefInfoRepo.SigNameEMVCEInfo" uuid="60af5b94-dcc4-401a-aecb-94e11fb73d21"/>
    </outports>
    <outports type="ModelRefInfoRepo.OutportInformation" uuid="ebb4ddc5-f21d-4788-ae03-e15f6e1a964b">
      <okToMerge>2</okToMerge>
      <RTWSignalIdentifier>NrmlzdAirChrg</RTWSignalIdentifier>
      <designMax>Inf</designMax>
      <designMin>-Inf</designMin>
      <indexType>2</indexType>
      <originalPortNumber>2</originalPortNumber>
      <rateInfo type="ModelRefInfoRepo.RateInfo">
        <compiled>true</compiled>
        <period>0.0</period>
        <priority>40</priority>
        <rateIdx>0</rateIdx>
      </rateInfo>
      <resolvedSignalObject></resolvedSignalObject>
      <sigNameToEMVCEMap type="ModelRefInfoRepo.SigNameEMVCEInfo" uuid="db89c6cf-475f-4248-9f79-50751648a69f"/>
    </outports>
    <outports type="ModelRefInfoRepo.OutportInformation" uuid="537de827-2b44-4546-b18a-99869c8c9091">
      <okToMerge>2</okToMerge>
      <designMax>Inf</designMax>
      <designMin>-Inf</designMin>
      <indexType>2</indexType>
      <originalPortNumber>3</originalPortNumber>
      <rateInfo type="ModelRefInfoRepo.RateInfo">
        <compiled>true</compiled>
        <period>0.0</period>
        <priority>40</priority>
        <rateIdx>0</rateIdx>
      </rateInfo>
      <resolvedSignalObject></resolvedSignalObject>
      <sigNameToEMVCEMap type="ModelRefInfoRepo.SigNameEMVCEInfo" uuid="f77e3949-65ae-486b-ad96-033e9a7d5d5e"/>
    </outports>
    <outports type="ModelRefInfoRepo.OutportInformation" uuid="9d3531a8-ebc2-4e22-a47c-affb5cd1ee5d">
      <okToMerge>2</okToMerge>
      <designMax>Inf</designMax>
      <designMin>-Inf</designMin>
      <indexType>2</indexType>
      <originalPortNumber>4</originalPortNumber>
      <rateInfo type="ModelRefInfoRepo.RateInfo">
        <compiled>true</compiled>
        <period>0.0</period>
        <priority>40</priority>
        <rateIdx>0</rateIdx>
      </rateInfo>
      <resolvedSignalObject></resolvedSignalObject>
      <sigNameToEMVCEMap type="ModelRefInfoRepo.SigNameEMVCEInfo" uuid="04b9c05c-b1f1-43b1-ad9d-198916686816"/>
    </outports>
    <outports type="ModelRefInfoRepo.OutportInformation" uuid="e782dae0-6d0b-4cf8-bdd6-97b25f439e7e">
      <okToMerge>2</okToMerge>
      <designMax>Inf</designMax>
      <designMin>-Inf</designMin>
      <indexType>2</indexType>
      <originalPortNumber>5</originalPortNumber>
      <rateInfo type="ModelRefInfoRepo.RateInfo">
        <compiled>true</compiled>
        <period>0.0</period>
        <priority>40</priority>
        <rateIdx>0</rateIdx>
      </rateInfo>
      <resolvedSignalObject></resolvedSignalObject>
      <sigNameToEMVCEMap type="ModelRefInfoRepo.SigNameEMVCEInfo" uuid="2bb1e5b1-e047-4505-a0e9-1ceb62d6f8f8"/>
    </outports>
    <outports type="ModelRefInfoRepo.OutportInformation" uuid="b93b78ab-20c1-47c9-a5a3-2a96e9166192">
      <okToMerge>2</okToMerge>
      <designMax>Inf</designMax>
      <designMin>-Inf</designMin>
      <indexType>2</indexType>
      <originalPortNumber>6</originalPortNumber>
      <rateInfo type="ModelRefInfoRepo.RateInfo">
        <compiled>true</compiled>
        <period>0.0</period>
        <priority>40</priority>
        <rateIdx>0</rateIdx>
      </rateInfo>
      <resolvedSignalObject></resolvedSignalObject>
      <sigNameToEMVCEMap type="ModelRefInfoRepo.SigNameEMVCEInfo" uuid="baa68ac3-0575-4a08-9368-a12a7b2052ca"/>
    </outports>
    <outports type="ModelRefInfoRepo.OutportInformation" uuid="43f58be5-44e1-43de-b210-e330f2c5afed">
      <okToMerge>2</okToMerge>
      <designMax>Inf</designMax>
      <designMin>-Inf</designMin>
      <indexType>2</indexType>
      <originalPortNumber>7</originalPortNumber>
      <rateInfo type="ModelRefInfoRepo.RateInfo">
        <compiled>true</compiled>
        <period>0.0</period>
        <priority>40</priority>
        <rateIdx>0</rateIdx>
      </rateInfo>
      <resolvedSignalObject></resolvedSignalObject>
      <sigNameToEMVCEMap type="ModelRefInfoRepo.SigNameEMVCEInfo" uuid="fe5c9e40-5804-4158-b7fb-c2776440accb"/>
    </outports>
    <outports type="ModelRefInfoRepo.OutportInformation" uuid="87b4a0ed-f361-47ca-bd07-1b61407f89c8">
      <okToMerge>3</okToMerge>
      <designMax>Inf</designMax>
      <designMin>-Inf</designMin>
      <indexType>2</indexType>
      <originalPortNumber>8</originalPortNumber>
      <rateInfo type="ModelRefInfoRepo.RateInfo">
        <compiled>true</compiled>
        <period>0.0</period>
        <priority>40</priority>
        <rateIdx>0</rateIdx>
      </rateInfo>
      <resolvedSignalObject></resolvedSignalObject>
      <sigNameToEMVCEMap type="ModelRefInfoRepo.SigNameEMVCEInfo" uuid="f5539ae6-4f30-4899-a60a-05bb3ff36c40"/>
    </outports>
    <outports type="ModelRefInfoRepo.OutportInformation" uuid="a1592c70-4ed1-4304-b713-a6bd5e3e67fc">
      <okToMerge>2</okToMerge>
      <designMax>Inf</designMax>
      <designMin>-Inf</designMin>
      <indexType>2</indexType>
      <originalPortNumber>9</originalPortNumber>
      <rateInfo type="ModelRefInfoRepo.RateInfo">
        <compiled>true</compiled>
        <period>0.0</period>
        <priority>40</priority>
        <rateIdx>0</rateIdx>
      </rateInfo>
      <resolvedSignalObject></resolvedSignalObject>
      <sigNameToEMVCEMap type="ModelRefInfoRepo.SigNameEMVCEInfo" uuid="dd1ab07a-095a-444c-82c5-695b78984080"/>
    </outports>
    <outports type="ModelRefInfoRepo.OutportInformation" uuid="a9c7de05-1037-4177-a3b4-15f2327a9141">
      <okToMerge>2</okToMerge>
      <designMax>Inf</designMax>
      <designMin>-Inf</designMin>
      <indexType>2</indexType>
      <originalPortNumber>10</originalPortNumber>
      <rateInfo type="ModelRefInfoRepo.RateInfo">
        <compiled>true</compiled>
        <period>0.0</period>
        <priority>40</priority>
        <rateIdx>0</rateIdx>
      </rateInfo>
      <resolvedSignalObject></resolvedSignalObject>
      <sigNameToEMVCEMap type="ModelRefInfoRepo.SigNameEMVCEInfo" uuid="08eb1fe3-afa7-4496-888f-4b94bfcda022"/>
    </outports>
    <outports type="ModelRefInfoRepo.OutportInformation" uuid="e3c1d49a-207f-4e1c-b2a9-ed71407711ef">
      <okToMerge>2</okToMerge>
      <designMax>Inf</designMax>
      <designMin>-Inf</designMin>
      <indexType>2</indexType>
      <originalPortNumber>11</originalPortNumber>
      <rateInfo type="ModelRefInfoRepo.RateInfo">
        <compiled>true</compiled>
        <period>0.0</period>
        <priority>40</priority>
        <rateIdx>0</rateIdx>
      </rateInfo>
      <resolvedSignalObject></resolvedSignalObject>
      <sigNameToEMVCEMap type="ModelRefInfoRepo.SigNameEMVCEInfo" uuid="eab249f5-9b65-4e50-88e0-f790f443ad2a"/>
    </outports>
    <outports type="ModelRefInfoRepo.OutportInformation" uuid="20595eb6-f8ec-4f17-9d4f-340094e46c64">
      <okToMerge>2</okToMerge>
      <designMax>Inf</designMax>
      <designMin>-Inf</designMin>
      <indexType>2</indexType>
      <originalPortNumber>12</originalPortNumber>
      <rateInfo type="ModelRefInfoRepo.RateInfo">
        <compiled>true</compiled>
        <period>0.0</period>
        <priority>40</priority>
        <rateIdx>0</rateIdx>
      </rateInfo>
      <resolvedSignalObject></resolvedSignalObject>
      <sigNameToEMVCEMap type="ModelRefInfoRepo.SigNameEMVCEInfo" uuid="82d27e06-5291-4973-be0f-0e1a79a12077"/>
    </outports>
    <outports type="ModelRefInfoRepo.OutportInformation" uuid="77a20c39-ba12-457e-8957-43cc9c1c5cf2">
      <okToMerge>2</okToMerge>
      <designMax>Inf</designMax>
      <designMin>-Inf</designMin>
      <indexType>2</indexType>
      <originalPortNumber>13</originalPortNumber>
      <rateInfo type="ModelRefInfoRepo.RateInfo">
        <compiled>true</compiled>
        <period>0.0</period>
        <priority>40</priority>
        <rateIdx>0</rateIdx>
      </rateInfo>
      <resolvedSignalObject></resolvedSignalObject>
      <sigNameToEMVCEMap type="ModelRefInfoRepo.SigNameEMVCEInfo" uuid="eea737e7-b5a1-4764-b54c-2d366b8581af"/>
    </outports>
    <outports type="ModelRefInfoRepo.OutportInformation" uuid="dc0aaae3-9156-4d23-a0cf-77cd23f8a7dc">
      <okToMerge>2</okToMerge>
      <designMax>Inf</designMax>
      <designMin>-Inf</designMin>
      <indexType>2</indexType>
      <originalPortNumber>14</originalPortNumber>
      <rateInfo type="ModelRefInfoRepo.RateInfo">
        <compiled>true</compiled>
        <period>0.0</period>
        <priority>40</priority>
        <rateIdx>0</rateIdx>
      </rateInfo>
      <resolvedSignalObject></resolvedSignalObject>
      <sigNameToEMVCEMap type="ModelRefInfoRepo.SigNameEMVCEInfo" uuid="631d5ff8-8d3d-4f37-8f30-091d9b2e64c3"/>
    </outports>
    <outports type="ModelRefInfoRepo.OutportInformation" uuid="31fe1732-4dcb-4a5b-b264-5babfa77be30">
      <okToMerge>3</okToMerge>
      <designMax>Inf</designMax>
      <designMin>-Inf</designMin>
      <indexType>2</indexType>
      <originalPortNumber>15</originalPortNumber>
      <rateInfo type="ModelRefInfoRepo.RateInfo">
        <compiled>true</compiled>
        <period>0.0</period>
        <priority>40</priority>
        <rateIdx>0</rateIdx>
      </rateInfo>
      <resolvedSignalObject></resolvedSignalObject>
      <sigNameToEMVCEMap type="ModelRefInfoRepo.SigNameEMVCEInfo" uuid="607c7215-fa86-471f-9a42-3d4cb6006565"/>
    </outports>
    <outports type="ModelRefInfoRepo.OutportInformation" uuid="dceefd6f-2994-415b-8ddd-95f6c085d208">
      <okToMerge>3</okToMerge>
      <designMax>Inf</designMax>
      <designMin>-Inf</designMin>
      <indexType>2</indexType>
      <originalPortNumber>16</originalPortNumber>
      <rateInfo type="ModelRefInfoRepo.RateInfo">
        <compiled>true</compiled>
        <period>0.0</period>
        <priority>40</priority>
        <rateIdx>0</rateIdx>
      </rateInfo>
      <resolvedSignalObject></resolvedSignalObject>
      <sigNameToEMVCEMap type="ModelRefInfoRepo.SigNameEMVCEInfo" uuid="06ad7a3d-3c0c-47d1-b0e3-dc303f55327c"/>
    </outports>
    <outports type="ModelRefInfoRepo.OutportInformation" uuid="6901b518-0f3a-48c7-8f7e-454660c47a7a">
      <okToMerge>2</okToMerge>
      <designMax>Inf</designMax>
      <designMin>-Inf</designMin>
      <indexType>2</indexType>
      <originalPortNumber>17</originalPortNumber>
      <rateInfo type="ModelRefInfoRepo.RateInfo">
        <compiled>true</compiled>
        <period>0.0</period>
        <priority>40</priority>
        <rateIdx>0</rateIdx>
      </rateInfo>
      <resolvedSignalObject></resolvedSignalObject>
      <sigNameToEMVCEMap type="ModelRefInfoRepo.SigNameEMVCEInfo" uuid="7994f40f-a0e8-48da-88b7-0ba22e451872"/>
    </outports>
    <outports type="ModelRefInfoRepo.OutportInformation" uuid="50979196-a12c-4c4e-87e6-22a0172000a2">
      <okToMerge>3</okToMerge>
      <designMax>Inf</designMax>
      <designMin>-Inf</designMin>
      <indexType>2</indexType>
      <originalPortNumber>18</originalPortNumber>
      <rateInfo type="ModelRefInfoRepo.RateInfo">
        <compiled>true</compiled>
        <period>0.0</period>
        <priority>40</priority>
        <rateIdx>0</rateIdx>
      </rateInfo>
      <resolvedSignalObject></resolvedSignalObject>
      <sigNameToEMVCEMap type="ModelRefInfoRepo.SigNameEMVCEInfo" uuid="ad0a7719-795a-449f-a42f-764657c16d06"/>
    </outports>
    <outports type="ModelRefInfoRepo.OutportInformation" uuid="6f7ae1c5-60ff-4e99-aecf-cbf0d0dddc0a">
      <okToMerge>3</okToMerge>
      <designMax>Inf</designMax>
      <designMin>-Inf</designMin>
      <indexType>2</indexType>
      <originalPortNumber>19</originalPortNumber>
      <rateInfo type="ModelRefInfoRepo.RateInfo">
        <compiled>true</compiled>
        <period>0.0</period>
        <priority>40</priority>
        <rateIdx>0</rateIdx>
      </rateInfo>
      <resolvedSignalObject></resolvedSignalObject>
      <sigNameToEMVCEMap type="ModelRefInfoRepo.SigNameEMVCEInfo" uuid="36f0ec59-4cf6-4d22-a32a-53a7065b2238"/>
    </outports>
    <outports type="ModelRefInfoRepo.OutportInformation" uuid="a2802e5e-6c3a-4511-808f-bd42d59e392a">
      <okToMerge>3</okToMerge>
      <designMax>Inf</designMax>
      <designMin>-Inf</designMin>
      <indexType>2</indexType>
      <originalPortNumber>20</originalPortNumber>
      <rateInfo type="ModelRefInfoRepo.RateInfo">
        <compiled>true</compiled>
        <period>0.0</period>
        <priority>40</priority>
        <rateIdx>0</rateIdx>
      </rateInfo>
      <resolvedSignalObject></resolvedSignalObject>
      <sigNameToEMVCEMap type="ModelRefInfoRepo.SigNameEMVCEInfo" uuid="8191fb0f-2aee-42f1-a0fe-9bcd7419ed74"/>
    </outports>
    <outports type="ModelRefInfoRepo.OutportInformation" uuid="d66ef429-8e37-465d-a120-17d6804d0e21">
      <okToMerge>3</okToMerge>
      <designMax>Inf</designMax>
      <designMin>-Inf</designMin>
      <indexType>2</indexType>
      <originalPortNumber>21</originalPortNumber>
      <rateInfo type="ModelRefInfoRepo.RateInfo">
        <compiled>true</compiled>
        <period>0.0</period>
        <priority>40</priority>
        <rateIdx>0</rateIdx>
      </rateInfo>
      <resolvedSignalObject></resolvedSignalObject>
      <sigNameToEMVCEMap type="ModelRefInfoRepo.SigNameEMVCEInfo" uuid="dcd1e74d-34af-42b2-bb6c-569fc78c92c9"/>
    </outports>
    <outports type="ModelRefInfoRepo.OutportInformation" uuid="0a0e484a-7707-4838-b2f6-ac5b031254b1">
      <okToMerge>3</okToMerge>
      <designMax>Inf</designMax>
      <designMin>-Inf</designMin>
      <indexType>2</indexType>
      <originalPortNumber>22</originalPortNumber>
      <rateInfo type="ModelRefInfoRepo.RateInfo">
        <compiled>true</compiled>
        <period>0.0</period>
        <priority>40</priority>
        <rateIdx>0</rateIdx>
      </rateInfo>
      <resolvedSignalObject></resolvedSignalObject>
      <sigNameToEMVCEMap type="ModelRefInfoRepo.SigNameEMVCEInfo" uuid="248051d9-ac97-4329-a22a-6142f7b44020"/>
    </outports>
    <outports type="ModelRefInfoRepo.OutportInformation" uuid="2954a32f-7486-482b-808e-f821fd0958db">
      <okToMerge>2</okToMerge>
      <designMax>Inf</designMax>
      <designMin>-Inf</designMin>
      <indexType>2</indexType>
      <originalPortNumber>23</originalPortNumber>
      <rateInfo type="ModelRefInfoRepo.RateInfo">
        <compiled>true</compiled>
        <period>0.0</period>
        <priority>40</priority>
        <rateIdx>0</rateIdx>
      </rateInfo>
      <resolvedSignalObject></resolvedSignalObject>
      <sigNameToEMVCEMap type="ModelRefInfoRepo.SigNameEMVCEInfo" uuid="c9758d95-e680-46d1-a629-207901ab832e"/>
    </outports>
    <outports type="ModelRefInfoRepo.OutportInformation" uuid="22ff3659-cc6b-4ccd-93a7-3bfe6dc7f49c">
      <okToMerge>2</okToMerge>
      <designMax>Inf</designMax>
      <designMin>-Inf</designMin>
      <indexType>2</indexType>
      <originalPortNumber>24</originalPortNumber>
      <rateInfo type="ModelRefInfoRepo.RateInfo">
        <compiled>true</compiled>
        <period>0.0</period>
        <priority>40</priority>
        <rateIdx>0</rateIdx>
      </rateInfo>
      <resolvedSignalObject></resolvedSignalObject>
      <sigNameToEMVCEMap type="ModelRefInfoRepo.SigNameEMVCEInfo" uuid="116fe199-1695-44fe-bfac-8c7f897a9168"/>
    </outports>
    <outports type="ModelRefInfoRepo.OutportInformation" uuid="62fb1d34-b340-495f-bc9e-b6cea19b05bb">
      <okToMerge>3</okToMerge>
      <RTWSignalIdentifier>EgrDeltaPrs</RTWSignalIdentifier>
      <designMax>Inf</designMax>
      <designMin>-Inf</designMin>
      <indexType>2</indexType>
      <originalPortNumber>25</originalPortNumber>
      <rateInfo type="ModelRefInfoRepo.RateInfo">
        <compiled>true</compiled>
        <period>0.0</period>
        <priority>40</priority>
        <rateIdx>0</rateIdx>
      </rateInfo>
      <resolvedSignalObject></resolvedSignalObject>
      <sigNameToEMVCEMap type="ModelRefInfoRepo.SigNameEMVCEInfo" uuid="562180aa-7285-4d0d-b23f-3a6f10cc38b1"/>
    </outports>
    <outports type="ModelRefInfoRepo.OutportInformation" uuid="8f8955be-95c3-4eec-b336-a5cfb2cb4574">
      <okToMerge>3</okToMerge>
      <designMax>Inf</designMax>
      <designMin>-Inf</designMin>
      <indexType>2</indexType>
      <originalPortNumber>26</originalPortNumber>
      <rateInfo type="ModelRefInfoRepo.RateInfo">
        <compiled>true</compiled>
        <period>0.0</period>
        <priority>40</priority>
        <rateIdx>0</rateIdx>
      </rateInfo>
      <resolvedSignalObject></resolvedSignalObject>
      <sigNameToEMVCEMap type="ModelRefInfoRepo.SigNameEMVCEInfo" uuid="6b1a355c-0b45-4c68-9f03-4feded53fa45"/>
    </outports>
    <periodicStateInfo type="ModelRefInfoRepo.PeriodicStateInfo" uuid="4e2ff272-1ba6-4707-be48-695d5e0bb578">
      <continuousStateIndex>43</continuousStateIndex>
      <stateUpperValue>720.0</stateUpperValue>
    </periodicStateInfo>
    <preCompAllowConstTsOnPorts>false</preCompAllowConstTsOnPorts>
    <preCompAllowPortBasedInTriggeredSS>false</preCompAllowPortBasedInTriggeredSS>
    <runtimeNonFcnCallRateInfos type="ModelRefInfoRepo.RateInfo">
      <compiled>true</compiled>
      <period>0.0</period>
      <priority>40</priority>
      <rateIdx>0</rateIdx>
    </runtimeNonFcnCallRateInfos>
    <runtimeNonFcnCallRateInfos type="ModelRefInfoRepo.RateInfo">
      <compiled>true</compiled>
      <offset>1.0</offset>
      <period>0.0</period>
      <priority>40</priority>
      <rateIdx>1</rateIdx>
    </runtimeNonFcnCallRateInfos>
    <sampleTimeInheritanceRule>2</sampleTimeInheritanceRule>
    <timingAndTaskingRegistry>&lt;?xml version=&quot;1.0&quot;?&gt;
&lt;slexec_sto version=&quot;1.1&quot; packageUris=&quot;http://schema.mathworks.com/mf0/slexec_mm_sto/R2019b_201902271317&quot;&gt;
  &lt;sto.Registry type=&quot;sto.Registry&quot; uuid=&quot;7b002b79-894f-44a2-a4e5-dc28433529fa&quot;&gt;
    &lt;clocks type=&quot;sto.Timer&quot; uuid=&quot;622dc959-14c7-45e7-9bad-590ea92fbe12&quot;&gt;
      &lt;needsToProvideTimeDuringExecution&gt;true&lt;/needsToProvideTimeDuringExecution&gt;
      &lt;clockDomain type=&quot;sto.ClockDomain&quot; uuid=&quot;d759d0cc-f78a-4309-9c16-1111dd9d2c9b&quot;&gt;
        &lt;baseTaskID&gt;_task0&lt;/baseTaskID&gt;
        &lt;computedFundamentalStepSize&gt;.2&lt;/computedFundamentalStepSize&gt;
        &lt;rates type=&quot;sto.Rate&quot; uuid=&quot;25941bfc-66bd-4734-8bb1-e36e047d370b&quot;/&gt;
        &lt;rates type=&quot;sto.Rate&quot; uuid=&quot;68948dab-98b7-4ddb-ae87-3e1ac6e060b1&quot;/&gt;
        &lt;rootTaskHierarchyElements type=&quot;sto.Task&quot; uuid=&quot;7b35083e-1736-4045-b130-53446577024d&quot;&gt;
          &lt;isExecutable&gt;true&lt;/isExecutable&gt;
          &lt;orderIndex&gt;1&lt;/orderIndex&gt;
          &lt;rates type=&quot;sto.Rate&quot; uuid=&quot;25941bfc-66bd-4734-8bb1-e36e047d370b&quot;&gt;
            &lt;annotation&gt;Cont&lt;/annotation&gt;
            &lt;description&gt;Continuous&lt;/description&gt;
            &lt;eventSourceType&gt;UNSPECIFIED_EVENT_SOURCE&lt;/eventSourceType&gt;
            &lt;registry type=&quot;sto.Registry&quot; uuid=&quot;7b002b79-894f-44a2-a4e5-dc28433529fa&quot;/&gt;
            &lt;taskId&gt;_task0&lt;/taskId&gt;
            &lt;rateSpec type=&quot;sto.RateSpec&quot; uuid=&quot;b2ad0b00-6541-4d10-acb4-589d3cfd1c92&quot;/&gt;
          &lt;/rates&gt;
          &lt;rates type=&quot;sto.Rate&quot; uuid=&quot;68948dab-98b7-4ddb-ae87-3e1ac6e060b1&quot;&gt;
            &lt;annotation&gt;FiM&lt;/annotation&gt;
            &lt;colorIndex&gt;8&lt;/colorIndex&gt;
            &lt;description&gt;Fixed in Minor Step&lt;/description&gt;
            &lt;eventSourceType&gt;UNSPECIFIED_EVENT_SOURCE&lt;/eventSourceType&gt;
            &lt;rateIDX&gt;1&lt;/rateIDX&gt;
            &lt;registry type=&quot;sto.Registry&quot; uuid=&quot;7b002b79-894f-44a2-a4e5-dc28433529fa&quot;/&gt;
            &lt;taskId&gt;_task0&lt;/taskId&gt;
            &lt;rateSpec type=&quot;sto.RateSpec&quot; uuid=&quot;3a82606f-f660-412a-b9ac-43f326c5eefe&quot;&gt;
              &lt;offset&gt;1.0&lt;/offset&gt;
              &lt;rateType&gt;ZOHContinuous&lt;/rateType&gt;
            &lt;/rateSpec&gt;
          &lt;/rates&gt;
          &lt;elementType&gt;Task&lt;/elementType&gt;
          &lt;identifier&gt;_task0&lt;/identifier&gt;
          &lt;priority&gt;40&lt;/priority&gt;
        &lt;/rootTaskHierarchyElements&gt;
      &lt;/clockDomain&gt;
    &lt;/clocks&gt;
    &lt;clocks type=&quot;sto.Event&quot; uuid=&quot;b5de1866-73df-4866-8d00-0012c9e61ebf&quot;&gt;
      &lt;clientId&gt;ParameterChangeEvent&lt;/clientId&gt;
      &lt;eventType&gt;PARAMETER_CHANGE_EVENT&lt;/eventType&gt;
      &lt;cNum&gt;1&lt;/cNum&gt;
      &lt;clockType&gt;Event&lt;/clockType&gt;
      &lt;identifier&gt;ParameterChangeEvent&lt;/identifier&gt;
      &lt;resolution&gt;-1.0&lt;/resolution&gt;
      &lt;specifiedTaskingMode&gt;ExplicitTasking&lt;/specifiedTaskingMode&gt;
      &lt;timeAdvanceMode&gt;None&lt;/timeAdvanceMode&gt;
      &lt;clockDomain type=&quot;sto.ClockDomain&quot; uuid=&quot;870c7ba3-85fd-492f-8036-197d71837b29&quot;&gt;
        &lt;computedFundamentalStepSize&gt;-1.0&lt;/computedFundamentalStepSize&gt;
        &lt;rates type=&quot;sto.Rate&quot; uuid=&quot;e46962c8-8ff9-4f4c-8bc6-fc758eec6564&quot;/&gt;
        &lt;rootTaskHierarchyElements type=&quot;sto.Task&quot; uuid=&quot;95de85b9-09fa-435f-b6a5-291ee52be2bc&quot;&gt;
          &lt;isExecutable&gt;true&lt;/isExecutable&gt;
          &lt;isExplicit&gt;true&lt;/isExplicit&gt;
          &lt;rates type=&quot;sto.Rate&quot; uuid=&quot;e46962c8-8ff9-4f4c-8bc6-fc758eec6564&quot;&gt;
            &lt;annotation&gt;Inf&lt;/annotation&gt;
            &lt;colorIndex&gt;6&lt;/colorIndex&gt;
            &lt;description&gt;Constant&lt;/description&gt;
            &lt;eventSourceType&gt;PARAMETER_CHANGE_EVENT&lt;/eventSourceType&gt;
            &lt;rateIDX&gt;2&lt;/rateIDX&gt;
            &lt;registry type=&quot;sto.Registry&quot; uuid=&quot;7b002b79-894f-44a2-a4e5-dc28433529fa&quot;/&gt;
            &lt;stringID&gt;ParameterChangeEvent&lt;/stringID&gt;
            &lt;taskId&gt;ModelWideParameterChangeEvent&lt;/taskId&gt;
            &lt;rateSpec type=&quot;sto.RateSpec&quot; uuid=&quot;2696d1c3-76d4-4551-b44c-87afc830b028&quot;&gt;
              &lt;period&gt;Inf&lt;/period&gt;
              &lt;rateType&gt;ModelWideParameterChangeEvent&lt;/rateType&gt;
            &lt;/rateSpec&gt;
          &lt;/rates&gt;
          &lt;tNum&gt;1&lt;/tNum&gt;
          &lt;elementType&gt;Task&lt;/elementType&gt;
          &lt;identifier&gt;ModelWideParameterChangeEvent&lt;/identifier&gt;
          &lt;priority&gt;-1&lt;/priority&gt;
          &lt;schedulingClockID&gt;ParameterChangeEvent&lt;/schedulingClockID&gt;
        &lt;/rootTaskHierarchyElements&gt;
      &lt;/clockDomain&gt;
    &lt;/clocks&gt;
    &lt;executionSpec&gt;Undetermined&lt;/executionSpec&gt;
    &lt;hasUnknownEdges&gt;true&lt;/hasUnknownEdges&gt;
    &lt;taskDependencyGraph type=&quot;sto.SerializedTaskConnectionList&quot; uuid=&quot;2949ec05-6ab3-4609-a91b-6662ed544676&quot;&gt;
      &lt;serializedConnectionProperties type=&quot;sto.SerializedConnectionProperties&quot; uuid=&quot;1c0f3db9-02b6-4e2d-b447-531f641e9d8f&quot;&gt;
        &lt;expectedExecOrder&gt;TargetFirst&lt;/expectedExecOrder&gt;
        &lt;targetClockIdentifier&gt;ParameterChangeEvent&lt;/targetClockIdentifier&gt;
        &lt;targetTaskIdentifier&gt;ModelWideParameterChangeEvent&lt;/targetTaskIdentifier&gt;
      &lt;/serializedConnectionProperties&gt;
      &lt;taskIdentifier&gt;_task0&lt;/taskIdentifier&gt;
    &lt;/taskDependencyGraph&gt;
    &lt;taskDependencyGraph type=&quot;sto.SerializedTaskConnectionList&quot; uuid=&quot;590cb352-fdb4-47d6-8da9-afb1d174782f&quot;&gt;
      &lt;clockIdentifier&gt;ParameterChangeEvent&lt;/clockIdentifier&gt;
      &lt;serializedConnectionProperties type=&quot;sto.SerializedConnectionProperties&quot; uuid=&quot;aa1b7e9e-977f-410d-8560-926d9d1045c5&quot;&gt;
        &lt;expectedExecOrder&gt;SourceFirst&lt;/expectedExecOrder&gt;
        &lt;targetTaskIdentifier&gt;_task0&lt;/targetTaskIdentifier&gt;
      &lt;/serializedConnectionProperties&gt;
      &lt;taskIdentifier&gt;ModelWideParameterChangeEvent&lt;/taskIdentifier&gt;
    &lt;/taskDependencyGraph&gt;
    &lt;taskPriorityDirection&gt;HighNumberLast&lt;/taskPriorityDirection&gt;
    &lt;tasks type=&quot;sto.Task&quot; uuid=&quot;7b35083e-1736-4045-b130-53446577024d&quot;/&gt;
    &lt;tasks type=&quot;sto.Task&quot; uuid=&quot;95de85b9-09fa-435f-b6a5-291ee52be2bc&quot;/&gt;
  &lt;/sto.Registry&gt;
&lt;/slexec_sto&gt;</timingAndTaskingRegistry>
    <usePortBasedSampleTime>false</usePortBasedSampleTime>
    <zeroCrossingInfo type="ModelRefInfoRepo.ZeroCrossingInfo" uuid="c82dcb2a-7a35-4f26-8574-67004eda8968">
      <direction>63</direction>
      <isDiscrete>false</isDiscrete>
      <name>UprLim</name>
      <tolerance>-1.0</tolerance>
      <width>1</width>
    </zeroCrossingInfo>
    <zeroCrossingInfo type="ModelRefInfoRepo.ZeroCrossingInfo" uuid="6eb4ae36-61a7-48d9-a923-f23dd78b7774">
      <direction>63</direction>
      <isDiscrete>false</isDiscrete>
      <name>LwrLim</name>
      <tolerance>-1.0</tolerance>
      <width>1</width>
    </zeroCrossingInfo>
    <zeroCrossingInfo type="ModelRefInfoRepo.ZeroCrossingInfo" uuid="cf69d0fc-d84c-4784-8130-f446417651cf">
      <direction>63</direction>
      <isDiscrete>false</isDiscrete>
      <name>UprLim</name>
      <tolerance>-1.0</tolerance>
      <width>1</width>
    </zeroCrossingInfo>
    <zeroCrossingInfo type="ModelRefInfoRepo.ZeroCrossingInfo" uuid="953b17d5-970c-4487-b061-ab0fc3df01b1">
      <direction>63</direction>
      <isDiscrete>false</isDiscrete>
      <name>LwrLim</name>
      <tolerance>-1.0</tolerance>
      <width>1</width>
    </zeroCrossingInfo>
    <zeroCrossingInfo type="ModelRefInfoRepo.ZeroCrossingInfo" uuid="8a1613f4-3c78-45d3-961a-962da6c57fbc">
      <direction>63</direction>
      <isDiscrete>false</isDiscrete>
      <name>UprLim</name>
      <tolerance>-1.0</tolerance>
      <width>1</width>
    </zeroCrossingInfo>
    <zeroCrossingInfo type="ModelRefInfoRepo.ZeroCrossingInfo" uuid="5899d133-863a-4355-a736-ffce2e902fad">
      <direction>63</direction>
      <isDiscrete>false</isDiscrete>
      <name>LwrLim</name>
      <tolerance>-1.0</tolerance>
      <width>1</width>
    </zeroCrossingInfo>
    <zeroCrossingInfo type="ModelRefInfoRepo.ZeroCrossingInfo" uuid="bab78445-1420-429c-9576-38c135ad00ab">
      <direction>7</direction>
      <isDiscrete>false</isDiscrete>
      <name>IntgUpLimit</name>
      <needsSolverReset>true</needsSolverReset>
      <tolerance>-1.0</tolerance>
      <width>1</width>
    </zeroCrossingInfo>
    <zeroCrossingInfo type="ModelRefInfoRepo.ZeroCrossingInfo" uuid="db08ab06-716e-4798-8cf7-37348681b79d">
      <direction>56</direction>
      <isDiscrete>false</isDiscrete>
      <name>IntgLoLimit</name>
      <needsSolverReset>true</needsSolverReset>
      <tolerance>-1.0</tolerance>
      <width>1</width>
    </zeroCrossingInfo>
    <zeroCrossingInfo type="ModelRefInfoRepo.ZeroCrossingInfo" uuid="8f6f6bcf-bdc2-4ba3-8103-e85b66ada104">
      <direction>63</direction>
      <isDiscrete>false</isDiscrete>
      <name>LeaveSaturate</name>
      <needsSolverReset>true</needsSolverReset>
      <tolerance>-1.0</tolerance>
      <width>1</width>
    </zeroCrossingInfo>
    <zeroCrossingInfo type="ModelRefInfoRepo.ZeroCrossingInfo" uuid="2771c5a9-a3a9-48c6-b072-128cf4b323dd">
      <direction>63</direction>
      <isDiscrete>false</isDiscrete>
      <name>UprLim</name>
      <tolerance>-1.0</tolerance>
      <width>1</width>
    </zeroCrossingInfo>
    <zeroCrossingInfo type="ModelRefInfoRepo.ZeroCrossingInfo" uuid="aebd9eb3-4f93-44e6-bcc1-59b524eb4be8">
      <direction>63</direction>
      <isDiscrete>false</isDiscrete>
      <name>LwrLim</name>
      <tolerance>-1.0</tolerance>
      <width>1</width>
    </zeroCrossingInfo>
    <zeroCrossingInfo type="ModelRefInfoRepo.ZeroCrossingInfo" uuid="c5c2ff4b-e630-4eff-b618-1dd4886fe7a3">
      <direction>63</direction>
      <isDiscrete>false</isDiscrete>
      <name>UprLim</name>
      <tolerance>-1.0</tolerance>
      <width>1</width>
    </zeroCrossingInfo>
    <zeroCrossingInfo type="ModelRefInfoRepo.ZeroCrossingInfo" uuid="9982d73a-dd22-4593-abfc-139667158e25">
      <direction>63</direction>
      <isDiscrete>false</isDiscrete>
      <name>LwrLim</name>
      <tolerance>-1.0</tolerance>
      <width>1</width>
    </zeroCrossingInfo>
    <zeroCrossingInfo type="ModelRefInfoRepo.ZeroCrossingInfo" uuid="f6107396-56e9-4bd9-9b38-cc31584f3980">
      <direction>63</direction>
      <isDiscrete>false</isDiscrete>
      <name>UprLim</name>
      <tolerance>-1.0</tolerance>
      <width>1</width>
    </zeroCrossingInfo>
    <zeroCrossingInfo type="ModelRefInfoRepo.ZeroCrossingInfo" uuid="f242ac6a-77a7-41f6-970e-019b050821b3">
      <direction>63</direction>
      <isDiscrete>false</isDiscrete>
      <name>LwrLim</name>
      <tolerance>-1.0</tolerance>
      <width>1</width>
    </zeroCrossingInfo>
    <zeroCrossingInfo type="ModelRefInfoRepo.ZeroCrossingInfo" uuid="edcf8f88-99ed-434f-ba14-b17511ade5eb">
      <direction>63</direction>
      <isDiscrete>false</isDiscrete>
      <name>UprLim</name>
      <tolerance>-1.0</tolerance>
      <width>1</width>
    </zeroCrossingInfo>
    <zeroCrossingInfo type="ModelRefInfoRepo.ZeroCrossingInfo" uuid="5e3a91b1-061b-4036-a847-45b6c33739bd">
      <direction>63</direction>
      <isDiscrete>false</isDiscrete>
      <name>LwrLim</name>
      <tolerance>-1.0</tolerance>
      <width>1</width>
    </zeroCrossingInfo>
    <zeroCrossingInfo type="ModelRefInfoRepo.ZeroCrossingInfo" uuid="ddfdae62-087c-46c5-ab87-d5d032a69758">
      <direction>63</direction>
      <isDiscrete>false</isDiscrete>
      <name>UprLim</name>
      <tolerance>-1.0</tolerance>
      <width>1</width>
    </zeroCrossingInfo>
    <zeroCrossingInfo type="ModelRefInfoRepo.ZeroCrossingInfo" uuid="2c817e31-1bed-4d21-94cb-7dc6234fca39">
      <direction>63</direction>
      <isDiscrete>false</isDiscrete>
      <name>LwrLim</name>
      <tolerance>-1.0</tolerance>
      <width>1</width>
    </zeroCrossingInfo>
    <zeroCrossingInfo type="ModelRefInfoRepo.ZeroCrossingInfo" uuid="20c6d79d-4268-4ac2-83af-126ae09ee122">
      <direction>63</direction>
      <isDiscrete>false</isDiscrete>
      <name>RelopInput</name>
      <tolerance>-1.0</tolerance>
      <width>1</width>
    </zeroCrossingInfo>
    <FMUBlockMap type="ModelRefInfoRepo.FMUBlockInfo" uuid="6831daef-f617-44f1-94d9-078d9c46fbd4"/>
    <codeGenInfo type="ModelRefInfoRepo.CodeGenInformation" uuid="9559ffba-40d0-4725-8f96-6dacc60c46ab">
      <DWorkTypeName>nusecvdwrfs</DWorkTypeName>
    </codeGenInfo>
    <configSettingsForConsistencyChecks type="ModelRefInfoRepo.ConfigSettingsForConsistencyChecks" uuid="c88118cd-4f69-44d5-b1a4-55a9845a581c">
      <consistentOutportInitialization>true</consistentOutportInitialization>
      <frameDiagnosticSetting>2</frameDiagnosticSetting>
      <signalLoggingSaveFormat>2</signalLoggingSaveFormat>
      <simSIMDOptimization>1</simSIMDOptimization>
      <solverName>VariableStepAuto</solverName>
      <hardwareSettings type="ModelRefInfoRepo.HardwareSettings" uuid="0e1d9307-7237-4423-81f4-5bb1b92ef1f1">
        <prodBitPerChar>8</prodBitPerChar>
        <prodBitPerDouble>64</prodBitPerDouble>
        <prodBitPerFloat>32</prodBitPerFloat>
        <prodBitPerInt>32</prodBitPerInt>
        <prodBitPerLong>32</prodBitPerLong>
        <prodBitPerLongLong>64</prodBitPerLongLong>
        <prodBitPerPointer>64</prodBitPerPointer>
        <prodBitPerPtrDiffT>64</prodBitPerPtrDiffT>
        <prodBitPerShort>16</prodBitPerShort>
        <prodBitPerSizeT>64</prodBitPerSizeT>
        <prodEndianess>1</prodEndianess>
        <prodShiftRight>true</prodShiftRight>
        <prodWordSize>64</prodWordSize>
      </hardwareSettings>
    </configSettingsForConsistencyChecks>
    <controllableInputRatesMap type="ModelRefInfoRepo.VarTsUIDMap" uuid="d6457d0b-0f48-4604-8251-98998870533f"/>
    <controllableOutputRatesMap type="ModelRefInfoRepo.VarTsUIDMap" uuid="8358f20e-9932-468e-95d9-cda8e806e5e6"/>
    <dataPortGroup type="ModelRefInfoRepo.DataPortGroup" uuid="deb9a83c-f963-4bbc-bcfa-92694b3a590b">
      <compDataInputPorts>0</compDataInputPorts>
      <compDataInputPorts>1</compDataInputPorts>
      <compDataInputPorts>2</compDataInputPorts>
      <compDataInputPorts>3</compDataInputPorts>
      <compDataInputPorts>4</compDataInputPorts>
      <compDataInputPorts>5</compDataInputPorts>
      <compDataInputPorts>6</compDataInputPorts>
      <compDataInputPorts>7</compDataInputPorts>
      <compDataInputPorts>8</compDataInputPorts>
      <compDataInputPorts>9</compDataInputPorts>
      <compDataInputPorts>10</compDataInputPorts>
      <compDataInputPorts>11</compDataInputPorts>
      <compDataOutputPorts>0</compDataOutputPorts>
      <compDataOutputPorts>1</compDataOutputPorts>
      <compDataOutputPorts>2</compDataOutputPorts>
      <compDataOutputPorts>3</compDataOutputPorts>
      <compDataOutputPorts>4</compDataOutputPorts>
      <compDataOutputPorts>5</compDataOutputPorts>
      <compDataOutputPorts>6</compDataOutputPorts>
      <compDataOutputPorts>7</compDataOutputPorts>
      <compDataOutputPorts>8</compDataOutputPorts>
      <compDataOutputPorts>9</compDataOutputPorts>
      <compDataOutputPorts>10</compDataOutputPorts>
      <compDataOutputPorts>11</compDataOutputPorts>
      <compDataOutputPorts>12</compDataOutputPorts>
      <compDataOutputPorts>13</compDataOutputPorts>
      <compDataOutputPorts>14</compDataOutputPorts>
      <compDataOutputPorts>15</compDataOutputPorts>
      <compDataOutputPorts>16</compDataOutputPorts>
      <compDataOutputPorts>17</compDataOutputPorts>
      <compDataOutputPorts>18</compDataOutputPorts>
      <compDataOutputPorts>19</compDataOutputPorts>
      <compDataOutputPorts>20</compDataOutputPorts>
      <compDataOutputPorts>21</compDataOutputPorts>
      <compDataOutputPorts>22</compDataOutputPorts>
      <compDataOutputPorts>23</compDataOutputPorts>
      <compDataOutputPorts>24</compDataOutputPorts>
      <compDataOutputPorts>25</compDataOutputPorts>
      <compDataOutputPorts>26</compDataOutputPorts>
      <dataInputPorts>0</dataInputPorts>
      <dataInputPorts>1</dataInputPorts>
      <dataInputPorts>2</dataInputPorts>
      <dataInputPorts>3</dataInputPorts>
      <dataInputPorts>4</dataInputPorts>
      <dataInputPorts>5</dataInputPorts>
      <dataInputPorts>6</dataInputPorts>
      <dataInputPorts>7</dataInputPorts>
      <dataInputPorts>8</dataInputPorts>
      <dataInputPorts>9</dataInputPorts>
      <dataInputPorts>10</dataInputPorts>
      <dataInputPorts>11</dataInputPorts>
      <dataOutputPorts>0</dataOutputPorts>
      <dataOutputPorts>1</dataOutputPorts>
      <dataOutputPorts>2</dataOutputPorts>
      <dataOutputPorts>3</dataOutputPorts>
      <dataOutputPorts>4</dataOutputPorts>
      <dataOutputPorts>5</dataOutputPorts>
      <dataOutputPorts>6</dataOutputPorts>
      <dataOutputPorts>7</dataOutputPorts>
      <dataOutputPorts>8</dataOutputPorts>
      <dataOutputPorts>9</dataOutputPorts>
      <dataOutputPorts>10</dataOutputPorts>
      <dataOutputPorts>11</dataOutputPorts>
      <dataOutputPorts>12</dataOutputPorts>
      <dataOutputPorts>13</dataOutputPorts>
      <dataOutputPorts>14</dataOutputPorts>
      <dataOutputPorts>15</dataOutputPorts>
      <dataOutputPorts>16</dataOutputPorts>
      <dataOutputPorts>17</dataOutputPorts>
      <dataOutputPorts>18</dataOutputPorts>
      <dataOutputPorts>19</dataOutputPorts>
      <dataOutputPorts>20</dataOutputPorts>
      <dataOutputPorts>21</dataOutputPorts>
      <dataOutputPorts>22</dataOutputPorts>
      <dataOutputPorts>23</dataOutputPorts>
      <dataOutputPorts>24</dataOutputPorts>
      <dataOutputPorts>25</dataOutputPorts>
      <dataOutputPorts>26</dataOutputPorts>
    </dataPortGroup>
    <expFcnUnconnectedDataPortGroup type="ModelRefInfoRepo.DataPortGroup" uuid="512e2a36-c56b-475a-915e-8a4e5a6da760"/>
    <interfaceParameterInfo type="ModelRefInfoRepo.InterfaceParameterInfo" uuid="d8560221-b64b-4f6f-9158-104f6c49c348"/>
    <messageInfo type="ModelRefInfoRepo.MessageInformation" uuid="677b5b28-a0be-4978-8a5d-33377bd0d06d"/>
    <methodInfo type="ModelRefInfoRepo.MethodExistenceInfo" uuid="d56849e5-8898-4c6f-a1fb-39785228490c">
      <hasDerivMethod>true</hasDerivMethod>
      <hasDisableMethod>true</hasDisableMethod>
      <hasEnableMethod>true</hasEnableMethod>
      <hasForcingFunctionMethod>true</hasForcingFunctionMethod>
      <hasSystemInitializeMethod>true</hasSystemInitializeMethod>
      <hasSystemResetMethod>true</hasSystemResetMethod>
      <hasTerminateMethod>true</hasTerminateMethod>
      <hasUpdateMethod>true</hasUpdateMethod>
    </methodInfo>
    <periodicEventPortUnsupportedBlockInfo type="ModelRefInfoRepo.PeriodicEventPortUnsupportedBlockInfo" uuid="7ec5b4da-b7b3-469a-9a86-f170da7945a2">
      <multiRateSubsystems>SiEngineCore/Turbine/Combine Flow and Info Bus/Combine Turbine and Wastegate Flow Ports/Outlet Temperature/Mass Flow Rate Near Zero</multiRateSubsystems>
      <multiRateSubsystems>SiEngineCore/Turbine/Combine Flow and Info Bus/Combine Turbine and Wastegate Flow Ports/Outlet Temperature/Positive Mass Flow Rate</multiRateSubsystems>
    </periodicEventPortUnsupportedBlockInfo>
    <portGroupsRequireSameRate type="ModelRefInfoRepo.PortGroupsRequireSameRate" uuid="9a71264a-94a4-4298-aa4c-0be6fd3bb7eb">
      <DSMPortGroups type="ModelRefInfoRepo.NameToPortGroupIdxVectMap" uuid="e7a9e2a8-f823-46bf-876a-8c00aa995254"/>
      <GlobalDSMPortGroups type="ModelRefInfoRepo.NameToPortGroupIdxVectMap" uuid="72987538-0971-46da-afdd-8e6a09dfeb30"/>
      <mergedPortGroups type="ModelRefInfoRepo.NameToPortGroupIdxVectMap" uuid="e035e383-a334-42f1-8a11-ae5a319ace03"/>
    </portGroupsRequireSameRate>
    <rateSpecOfGlobalDSMAccessedByDescExpFcnMdlMap type="ModelRefInfoRepo.GlobalDSMRateSpecMap" uuid="1345b40a-3d3e-48a2-ae9e-7afe04add4ae"/>
    <rootBlockDiagramInterface type="ci.Model" uuid="7b67a293-c581-4db0-895d-6e9a0dce7d92">
      <p_RootComponentInterface type="ci.ComponentInterface" uuid="8bfaa816-0ea0-4804-a5d2-bfed95716560">
        <p_InputPorts type="ci.SignalInterface" uuid="9ec3efd0-0059-4f10-b8a2-4545cf36c0a1">
          <p_ComputedNumericDimensions>1.0</p_ComputedNumericDimensions>
          <p_ComputedSampleTime>0.0</p_ComputedSampleTime>
          <p_ComputedSampleTime>0.0</p_ComputedSampleTime>
        </p_InputPorts>
        <p_InputPorts type="ci.SignalInterface" uuid="2877046d-3895-425a-95c2-28327608ae17">
          <p_ComputedNumericDimensions>1.0</p_ComputedNumericDimensions>
          <p_ComputedSampleTime>0.0</p_ComputedSampleTime>
          <p_ComputedSampleTime>0.0</p_ComputedSampleTime>
        </p_InputPorts>
        <p_InputPorts type="ci.SignalInterface" uuid="5e653405-0dd8-4a96-b7e4-c8859528e4dd">
          <p_ComputedNumericDimensions>1.0</p_ComputedNumericDimensions>
          <p_ComputedSampleTime>0.0</p_ComputedSampleTime>
          <p_ComputedSampleTime>0.0</p_ComputedSampleTime>
        </p_InputPorts>
        <p_InputPorts type="ci.SignalInterface" uuid="18c93ecf-7d5d-4e9d-aed1-83362b625d2a">
          <p_ComputedNumericDimensions>1.0</p_ComputedNumericDimensions>
          <p_ComputedSampleTime>0.0</p_ComputedSampleTime>
          <p_ComputedSampleTime>0.0</p_ComputedSampleTime>
        </p_InputPorts>
        <p_InputPorts type="ci.SignalInterface" uuid="02547d62-f87e-4b91-9e9d-2e1cd39ef198">
          <p_ComputedNumericDimensions>1.0</p_ComputedNumericDimensions>
          <p_ComputedSampleTime>0.0</p_ComputedSampleTime>
          <p_ComputedSampleTime>0.0</p_ComputedSampleTime>
        </p_InputPorts>
        <p_InputPorts type="ci.SignalInterface" uuid="b6f69120-c96f-4c57-8319-d75bde6e6bfa">
          <p_ComputedNumericDimensions>1.0</p_ComputedNumericDimensions>
          <p_ComputedSampleTime>0.0</p_ComputedSampleTime>
          <p_ComputedSampleTime>0.0</p_ComputedSampleTime>
        </p_InputPorts>
        <p_InputPorts type="ci.SignalInterface" uuid="377122ae-3b78-42dd-bc2d-8fc58213f758">
          <p_ComputedNumericDimensions>1.0</p_ComputedNumericDimensions>
          <p_ComputedSampleTime>0.0</p_ComputedSampleTime>
          <p_ComputedSampleTime>0.0</p_ComputedSampleTime>
        </p_InputPorts>
        <p_InputPorts type="ci.SignalInterface" uuid="756d02da-396d-4da3-8e13-25be727471cf">
          <p_ComputedNumericDimensions>1.0</p_ComputedNumericDimensions>
          <p_ComputedSampleTime>0.0</p_ComputedSampleTime>
          <p_ComputedSampleTime>0.0</p_ComputedSampleTime>
          <p_ComputedUnit>m/s</p_ComputedUnit>
        </p_InputPorts>
        <p_InputPorts type="ci.SignalInterface" uuid="a0a02845-54cc-4946-9d79-0cd4268b066b">
          <p_ComputedNumericDimensions>1.0</p_ComputedNumericDimensions>
          <p_ComputedSampleTime>0.0</p_ComputedSampleTime>
          <p_ComputedSampleTime>0.0</p_ComputedSampleTime>
          <p_ComputedUnit>K</p_ComputedUnit>
        </p_InputPorts>
        <p_InputPorts type="ci.SignalInterface" uuid="8166fd87-2eae-4bce-90de-4b2d01e559ff">
          <p_ComputedNumericDimensions>1.0</p_ComputedNumericDimensions>
          <p_ComputedSampleTime>0.0</p_ComputedSampleTime>
          <p_ComputedSampleTime>0.0</p_ComputedSampleTime>
          <p_ComputedUnit>K</p_ComputedUnit>
        </p_InputPorts>
        <p_InputPorts type="ci.SignalInterface" uuid="1c3e6ac2-dba5-46df-803f-be95a606783b">
          <p_ComputedNumericDimensions>1.0</p_ComputedNumericDimensions>
          <p_ComputedSampleTime>0.0</p_ComputedSampleTime>
          <p_ComputedSampleTime>0.0</p_ComputedSampleTime>
          <p_ComputedUnit>Pa</p_ComputedUnit>
        </p_InputPorts>
        <p_InputPorts type="ci.SignalInterface" uuid="f5303195-ae52-4480-99c5-b62396f5c44a">
          <p_ComputedNumericDimensions>1.0</p_ComputedNumericDimensions>
          <p_ComputedSampleTime>0.0</p_ComputedSampleTime>
          <p_ComputedSampleTime>0.0</p_ComputedSampleTime>
          <p_ComputedUnit>rev/min</p_ComputedUnit>
        </p_InputPorts>
        <p_Name>SiEngineCore</p_Name>
        <p_OutputPorts type="ci.SignalInterface" uuid="735732a0-9058-4d8e-9a77-0c64b10e0bc8">
          <p_ComputedNumericDimensions>1.0</p_ComputedNumericDimensions>
          <p_ComputedSampleTime>0.0</p_ComputedSampleTime>
          <p_ComputedSampleTime>0.0</p_ComputedSampleTime>
          <p_ComputedUnit>N*m</p_ComputedUnit>
        </p_OutputPorts>
        <p_OutputPorts type="ci.SignalInterface" uuid="c17f62ee-7eae-4e87-b2b6-0179c108c8c4">
          <p_ComputedNumericDimensions>1.0</p_ComputedNumericDimensions>
          <p_ComputedSampleTime>0.0</p_ComputedSampleTime>
          <p_ComputedSampleTime>0.0</p_ComputedSampleTime>
          <p_ComputedUnit>kg/s</p_ComputedUnit>
        </p_OutputPorts>
        <p_OutputPorts type="ci.SignalInterface" uuid="cf40ad27-8c4b-4eaa-981f-d9354913a849">
          <p_ComputedNumericDimensions>1.0</p_ComputedNumericDimensions>
          <p_ComputedSampleTime>0.0</p_ComputedSampleTime>
          <p_ComputedSampleTime>0.0</p_ComputedSampleTime>
          <p_ComputedUnit>1</p_ComputedUnit>
        </p_OutputPorts>
        <p_OutputPorts type="ci.SignalInterface" uuid="64bc4d1c-8596-4d33-8b2a-e4176de75ec5">
          <p_ComputedNumericDimensions>1.0</p_ComputedNumericDimensions>
          <p_ComputedSampleTime>0.0</p_ComputedSampleTime>
          <p_ComputedSampleTime>0.0</p_ComputedSampleTime>
          <p_ComputedUnit>Pa</p_ComputedUnit>
        </p_OutputPorts>
        <p_OutputPorts type="ci.SignalInterface" uuid="e0493be2-6525-49be-9e74-59e3cbc639dc">
          <p_ComputedNumericDimensions>1.0</p_ComputedNumericDimensions>
          <p_ComputedSampleTime>0.0</p_ComputedSampleTime>
          <p_ComputedSampleTime>0.0</p_ComputedSampleTime>
          <p_ComputedUnit>K</p_ComputedUnit>
        </p_OutputPorts>
        <p_OutputPorts type="ci.SignalInterface" uuid="a55086f0-526a-4c45-9137-7399190e1075">
          <p_ComputedNumericDimensions>1.0</p_ComputedNumericDimensions>
          <p_ComputedSampleTime>0.0</p_ComputedSampleTime>
          <p_ComputedSampleTime>0.0</p_ComputedSampleTime>
          <p_ComputedUnit>Pa</p_ComputedUnit>
        </p_OutputPorts>
        <p_OutputPorts type="ci.SignalInterface" uuid="e9a8db57-a5dc-4406-8427-ac3d3c719ebe">
          <p_ComputedNumericDimensions>1.0</p_ComputedNumericDimensions>
          <p_ComputedSampleTime>0.0</p_ComputedSampleTime>
          <p_ComputedSampleTime>0.0</p_ComputedSampleTime>
          <p_ComputedUnit>K</p_ComputedUnit>
        </p_OutputPorts>
        <p_OutputPorts type="ci.SignalInterface" uuid="86cead7a-7882-4d56-90cc-28ac2cd37d93">
          <p_ComputedNumericDimensions>1.0</p_ComputedNumericDimensions>
          <p_ComputedSampleTime>0.0</p_ComputedSampleTime>
          <p_ComputedSampleTime>0.0</p_ComputedSampleTime>
          <p_ComputedUnit>kg/s</p_ComputedUnit>
        </p_OutputPorts>
        <p_OutputPorts type="ci.SignalInterface" uuid="cb5cfa3d-8819-4ec9-a936-8e4619fb3a8c">
          <p_ComputedNumericDimensions>1.0</p_ComputedNumericDimensions>
          <p_ComputedSampleTime>0.0</p_ComputedSampleTime>
          <p_ComputedSampleTime>0.0</p_ComputedSampleTime>
          <p_ComputedUnit>m^3/s</p_ComputedUnit>
        </p_OutputPorts>
        <p_OutputPorts type="ci.SignalInterface" uuid="39cd942e-8823-4036-99dd-66074e635cef">
          <p_ComputedNumericDimensions>1.0</p_ComputedNumericDimensions>
          <p_ComputedSampleTime>0.0</p_ComputedSampleTime>
          <p_ComputedSampleTime>0.0</p_ComputedSampleTime>
          <p_ComputedUnit>1</p_ComputedUnit>
        </p_OutputPorts>
        <p_OutputPorts type="ci.SignalInterface" uuid="95f9a458-4cd3-4330-a6f2-927920ce0c33">
          <p_ComputedNumericDimensions>1.0</p_ComputedNumericDimensions>
          <p_ComputedSampleTime>0.0</p_ComputedSampleTime>
          <p_ComputedSampleTime>0.0</p_ComputedSampleTime>
          <p_ComputedUnit>rad/sec</p_ComputedUnit>
        </p_OutputPorts>
        <p_OutputPorts type="ci.SignalInterface" uuid="830d0953-915f-4a46-aedc-0c03a8f749df">
          <p_ComputedNumericDimensions>1.0</p_ComputedNumericDimensions>
          <p_ComputedSampleTime>0.0</p_ComputedSampleTime>
          <p_ComputedSampleTime>0.0</p_ComputedSampleTime>
          <p_ComputedUnit>Pa/Pa</p_ComputedUnit>
        </p_OutputPorts>
        <p_OutputPorts type="ci.SignalInterface" uuid="ab4ce20c-a104-4842-82c8-e4d3e3aec22c">
          <p_ComputedNumericDimensions>1.0</p_ComputedNumericDimensions>
          <p_ComputedSampleTime>0.0</p_ComputedSampleTime>
          <p_ComputedSampleTime>0.0</p_ComputedSampleTime>
          <p_ComputedUnit>Pa/Pa</p_ComputedUnit>
        </p_OutputPorts>
        <p_OutputPorts type="ci.SignalInterface" uuid="d05b8612-a28f-4acf-b9b7-a0d1e8f5770a">
          <p_ComputedNumericDimensions>1.0</p_ComputedNumericDimensions>
          <p_ComputedSampleTime>0.0</p_ComputedSampleTime>
          <p_ComputedSampleTime>0.0</p_ComputedSampleTime>
          <p_ComputedUnit>K</p_ComputedUnit>
        </p_OutputPorts>
        <p_OutputPorts type="ci.SignalInterface" uuid="d0383885-dae6-46a5-be2a-4d046f6c6921">
          <p_ComputedNumericDimensions>1.0</p_ComputedNumericDimensions>
          <p_ComputedSampleTime>0.0</p_ComputedSampleTime>
          <p_ComputedSampleTime>0.0</p_ComputedSampleTime>
          <p_ComputedUnit>K</p_ComputedUnit>
        </p_OutputPorts>
        <p_OutputPorts type="ci.SignalInterface" uuid="f6ad7c50-4350-46a8-aa0f-b8fa1fede833">
          <p_ComputedNumericDimensions>1.0</p_ComputedNumericDimensions>
          <p_ComputedSampleTime>0.0</p_ComputedSampleTime>
          <p_ComputedSampleTime>0.0</p_ComputedSampleTime>
          <p_ComputedUnit>K</p_ComputedUnit>
        </p_OutputPorts>
        <p_OutputPorts type="ci.SignalInterface" uuid="7de30666-dcc8-42de-a6cb-a917dbb37ae2">
          <p_ComputedNumericDimensions>1.0</p_ComputedNumericDimensions>
          <p_ComputedSampleTime>0.0</p_ComputedSampleTime>
          <p_ComputedSampleTime>0.0</p_ComputedSampleTime>
          <p_ComputedUnit>%</p_ComputedUnit>
        </p_OutputPorts>
        <p_OutputPorts type="ci.SignalInterface" uuid="65c77b4d-3e73-4a53-b025-19d9a317fff6">
          <p_ComputedNumericDimensions>1.0</p_ComputedNumericDimensions>
          <p_ComputedSampleTime>0.0</p_ComputedSampleTime>
          <p_ComputedSampleTime>0.0</p_ComputedSampleTime>
          <p_ComputedUnit>kg/s</p_ComputedUnit>
        </p_OutputPorts>
        <p_OutputPorts type="ci.SignalInterface" uuid="eecdf844-8b70-4d3c-b921-f4a787e5073b">
          <p_ComputedNumericDimensions>1.0</p_ComputedNumericDimensions>
          <p_ComputedSampleTime>0.0</p_ComputedSampleTime>
          <p_ComputedSampleTime>0.0</p_ComputedSampleTime>
          <p_ComputedUnit>K</p_ComputedUnit>
        </p_OutputPorts>
        <p_OutputPorts type="ci.SignalInterface" uuid="8aead0d2-e2cc-4aae-9048-7fbfd65c16c8">
          <p_ComputedNumericDimensions>1.0</p_ComputedNumericDimensions>
          <p_ComputedNumericDimensions>1.0</p_ComputedNumericDimensions>
          <p_ComputedSampleTime>0.0</p_ComputedSampleTime>
          <p_ComputedSampleTime>0.0</p_ComputedSampleTime>
          <p_ComputedUnit>kg/s</p_ComputedUnit>
        </p_OutputPorts>
        <p_OutputPorts type="ci.SignalInterface" uuid="34bd2bec-2b73-4cff-8e8d-bf0fad0f0f9c">
          <p_ComputedNumericDimensions>1.0</p_ComputedNumericDimensions>
          <p_ComputedNumericDimensions>1.0</p_ComputedNumericDimensions>
          <p_ComputedSampleTime>0.0</p_ComputedSampleTime>
          <p_ComputedSampleTime>0.0</p_ComputedSampleTime>
          <p_ComputedUnit>kg/s</p_ComputedUnit>
        </p_OutputPorts>
        <p_OutputPorts type="ci.SignalInterface" uuid="fb15fdb0-c7b2-408b-a0b6-09dd24414a1f">
          <p_ComputedNumericDimensions>1.0</p_ComputedNumericDimensions>
          <p_ComputedNumericDimensions>1.0</p_ComputedNumericDimensions>
          <p_ComputedSampleTime>0.0</p_ComputedSampleTime>
          <p_ComputedSampleTime>0.0</p_ComputedSampleTime>
          <p_ComputedUnit>kg/s</p_ComputedUnit>
        </p_OutputPorts>
        <p_OutputPorts type="ci.SignalInterface" uuid="3061ed06-02fb-423f-90b8-7ab4a156d830">
          <p_ComputedNumericDimensions>1.0</p_ComputedNumericDimensions>
          <p_ComputedNumericDimensions>1.0</p_ComputedNumericDimensions>
          <p_ComputedSampleTime>0.0</p_ComputedSampleTime>
          <p_ComputedSampleTime>0.0</p_ComputedSampleTime>
          <p_ComputedUnit>kg/s</p_ComputedUnit>
        </p_OutputPorts>
        <p_OutputPorts type="ci.SignalInterface" uuid="95411c38-cefe-4a6a-8ed2-7b9d4191fca9">
          <p_ComputedNumericDimensions>1.0</p_ComputedNumericDimensions>
          <p_ComputedSampleTime>0.0</p_ComputedSampleTime>
          <p_ComputedSampleTime>0.0</p_ComputedSampleTime>
          <p_ComputedUnit>K</p_ComputedUnit>
        </p_OutputPorts>
        <p_OutputPorts type="ci.SignalInterface" uuid="cb14304d-e1bf-401b-aeef-c1a07741e786">
          <p_ComputedNumericDimensions>1.0</p_ComputedNumericDimensions>
          <p_ComputedSampleTime>0.0</p_ComputedSampleTime>
          <p_ComputedSampleTime>0.0</p_ComputedSampleTime>
          <p_ComputedUnit>K</p_ComputedUnit>
        </p_OutputPorts>
        <p_OutputPorts type="ci.SignalInterface" uuid="96b7cb31-d551-4e5c-8289-f2a4e4a9adcc">
          <p_ComputedNumericDimensions>1.0</p_ComputedNumericDimensions>
          <p_ComputedSampleTime>0.0</p_ComputedSampleTime>
          <p_ComputedSampleTime>0.0</p_ComputedSampleTime>
          <p_ComputedUnit>Pa</p_ComputedUnit>
        </p_OutputPorts>
        <p_OutputPorts type="ci.SignalInterface" uuid="e20b2582-5d66-41b0-9df6-67265e9d1bd4">
          <p_ComputedNumericDimensions>1.0</p_ComputedNumericDimensions>
          <p_ComputedSampleTime>0.0</p_ComputedSampleTime>
          <p_ComputedSampleTime>0.0</p_ComputedSampleTime>
          <p_ComputedUnit>K</p_ComputedUnit>
        </p_OutputPorts>
        <p_Type>ROOT</p_Type>
      </p_RootComponentInterface>
    </rootBlockDiagramInterface>
    <simulinkFunctions type="ModelRefInfoRepo.SimulinkFunctions" uuid="99162100-8b32-41f3-bdd9-453219fb5b85">
      <compSimulinkFunctionCatalog></compSimulinkFunctionCatalog>
    </simulinkFunctions>
    <stateWriterToOwnerMap type="ModelRefInfoRepo.StateWriterInfo" uuid="d732dcab-02aa-4afe-8627-64fbcd2b4726"/>
    <stoClientDataRegistry type="sto.ClientDataRegistry" uuid="7fa73c19-2e1a-4493-9f6c-f30e908a3010">
      <dataSets type="sto.ClientClockNamedDataSet" uuid="4aaa6af8-d04c-498f-8063-100e67266406">
        <tag>sltpEvents</tag>
      </dataSets>
      <dataSets type="sto.ClientTaskHierarchyElementNamedDataSet" uuid="611f7d95-36bb-43f6-9fce-97c43462fa37">
        <tag>sltpTaskGroups</tag>
      </dataSets>
      <dataSets type="sto.ClientTaskHierarchyElementNamedDataSet" uuid="a1ce62b7-08b5-44f8-acfb-48cb590f4ce5">
        <dSet type="ModelRefInfoRepo.SltpTaskData" uuid="ec3a7f7e-37c9-4e2f-ae1e-1605ffda6a3c"/>
        <tSet type="ModelRefInfoRepo.SltpTaskData" uuid="ec3a7f7e-37c9-4e2f-ae1e-1605ffda6a3c">
          <dataName>Cont</dataName>
          <linkedSet type="sto.ClientTaskHierarchyElementNamedDataSet" uuid="a1ce62b7-08b5-44f8-acfb-48cb590f4ce5"/>
          <id type="sto.TaskHierarchyElementId">
            <id>_task0</id>
          </id>
        </tSet>
        <tag>sltpTasks</tag>
      </dataSets>
    </stoClientDataRegistry>
    <varTsUIDMap type="ModelRefInfoRepo.VarTsUIDMap" uuid="28a8f0bc-a5d4-476a-9b1d-72018be0b9ca"/>
  </ModelRefInfoRepo.ModelRefInfoRoot>
</MF0>